entry_ID,AccessSiteCount,InvestigateSiteCount,SignInCount,user_email,entered_password,department,created_at
1,0,0,1,strujillo@example.net,P$zrd1cSH9,Finances,2024-12-04 00:00:00.0000000
2,0,0,1,mark10@example.com,KQofNQfQig,Sales and Marketing,2024-07-05 00:00:00.0000000
3,1,0,0,david85@example.com,NULL,Sales and Marketing,2024-10-02 00:00:00.0000000
4,1,0,0,sharon42@example.org,NULL,Finances,2025-01-03 00:00:00.0000000
5,1,0,0,millersteven@example.net,NULL,Sales and Marketing,2024-04-25 00:00:00.0000000
6,0,0,1,ugraves@example.com,+VeARHBBa-,Sales and Marketing,2024-09-06 00:00:00.0000000
7,0,1,0,dford@example.org,NULL,Finances,2024-07-13 00:00:00.0000000
8,0,1,0,kathleenanderson@example.org,NULL,Finances,2024-02-09 00:00:00.0000000
9,1,0,0,ffitzpatrick@example.net,NULL,Customer Relations,2024-01-12 00:00:00.0000000
10,0,1,0,davidcarter@example.org,NULL,Sales and Marketing,2024-11-03 00:00:00.0000000
11,0,0,1,whorn@example.net,K%iFtpj-5l,Finances,2024-05-20 00:00:00.0000000
12,0,1,0,teresaruiz@example.org,NULL,Finances,2024-10-25 00:00:00.0000000
13,0,1,0,patrickle@example.com,NULL,Finances,2024-02-14 00:00:00.0000000
14,1,0,0,shawnwarner@example.org,NULL,Sales and Marketing,2024-01-28 00:00:00.0000000
15,0,1,0,gardnerkeith@example.com,NULL,Sales and Marketing,2024-12-04 00:00:00.0000000
16,0,0,1,charlesruiz@example.com,a+KYWkd!CIC,Customer Relations,2024-12-17 00:00:00.0000000
17,1,0,0,arnoldcarlos@example.com,NULL,Customer Relations,2024-08-21 00:00:00.0000000
18,0,0,1,diamond61@example.com,L4^KkT9@2E,Customer Relations,2024-06-05 00:00:00.0000000
19,0,1,0,christopher16@example.org,NULL,Customer Relations,2024-12-17 00:00:00.0000000
20,1,0,0,pamela01@example.net,NULL,Sales and Marketing,2024-12-18 00:00:00.0000000
21,0,1,0,farmstrong@example.org,NULL,Finances,2024-03-26 00:00:00.0000000
22,1,0,0,ihudson@example.org,NULL,Customer Relations,2024-08-06 00:00:00.0000000
23,0,0,1,jgill@example.net,#y_jaH%A&F,Customer Relations,2024-09-18 00:00:00.0000000
24,1,0,0,jquinn@example.com,NULL,Customer Relations,2024-08-05 00:00:00.0000000
25,0,0,1,douglaspetersen@example.net,eYrZB6QXCi,Sales and Marketing,2024-07-30 00:00:00.0000000
26,1,0,0,parkerthomas@example.org,NULL,Sales and Marketing,2024-12-19 00:00:00.0000000
27,1,0,0,ryanyork@example.org,NULL,Finances,2024-07-01 00:00:00.0000000
28,0,0,1,evanstammy@example.org,nEO@d7j$+F,Sales and Marketing,2024-03-07 00:00:00.0000000
29,0,0,1,stephenwells@example.net,HT92bp4f3,Customer Relations,2024-11-11 00:00:00.0000000
30,1,0,0,johnsloan@example.net,NULL,Finances,2024-04-01 00:00:00.0000000
31,0,1,0,boyletimothy@example.com,NULL,Finances,2024-06-03 00:00:00.0000000
32,1,0,0,angelicajones@example.net,NULL,Customer Relations,2024-01-13 00:00:00.0000000
33,1,0,0,leetracy@example.org,NULL,Sales and Marketing,2024-11-13 00:00:00.0000000
34,0,0,1,seanjohnson@example.org,kblRDaq3rx,Customer Relations,2024-05-20 00:00:00.0000000
35,0,0,1,ericblack@example.com,iA!cVbPyea,Sales and Marketing,2024-07-21 00:00:00.0000000
36,0,0,1,bryan07@example.net,vrL4pc2htY,Finances,2024-04-02 00:00:00.0000000
37,1,0,0,david19@example.com,NULL,Finances,2024-11-06 00:00:00.0000000
38,0,0,1,bbowman@example.com,Bm-BINqbbf,Customer Relations,2024-02-27 00:00:00.0000000
39,1,0,0,theresa26@example.org,NULL,Sales and Marketing,2024-11-20 00:00:00.0000000
40,0,0,1,jamesjones@example.org,_+guKderB2,Sales and Marketing,2024-04-28 00:00:00.0000000
41,0,0,1,jessicablack@example.org,q^o2aVMV5,Finances,2024-11-22 00:00:00.0000000
42,0,1,0,jjones@example.net,NULL,Finances,2024-04-13 00:00:00.0000000
43,0,0,1,davidjones@example.net,fEFlz#pt&O,Sales and Marketing,2024-07-01 00:00:00.0000000
44,0,1,0,william91@example.com,NULL,Customer Relations,2024-12-31 00:00:00.0000000
45,0,1,0,steelenicholas@example.net,NULL,Sales and Marketing,2024-11-11 00:00:00.0000000
46,1,0,0,leslie75@example.org,NULL,Sales and Marketing,2024-02-25 00:00:00.0000000
47,0,0,1,joshua73@example.net,H@QQ1y#Iy,Customer Relations,2024-05-17 00:00:00.0000000
48,0,1,0,annbaldwin@example.net,NULL,Finances,2024-02-13 00:00:00.0000000
49,1,0,0,matthew76@example.net,NULL,Finances,2024-09-29 00:00:00.0000000
50,1,0,0,lisa66@example.com,NULL,Sales and Marketing,2024-11-13 00:00:00.0000000
51,1,0,0,kenneth69@example.com,NULL,Finances,2024-07-29 00:00:00.0000000
52,0,1,0,michael92@example.com,NULL,Sales and Marketing,2025-01-07 00:00:00.0000000
53,1,0,0,amandataylor@example.net,NULL,Customer Relations,2024-04-18 00:00:00.0000000
54,1,0,0,justin70@example.net,NULL,Finances,2024-11-26 00:00:00.0000000
55,1,0,0,katelyn32@example.net,NULL,Customer Relations,2024-07-19 00:00:00.0000000
56,0,1,0,thompsonandrew@example.net,NULL,Sales and Marketing,2024-04-09 00:00:00.0000000
57,0,1,0,ortegavictoria@example.org,NULL,Sales and Marketing,2024-07-10 00:00:00.0000000
58,0,0,1,shannon17@example.com,arFL42Jtfs,Finances,2024-01-30 00:00:00.0000000
59,0,0,1,dakotahernandez@example.org,j2*ZRHQo86,Finances,2024-09-14 00:00:00.0000000
60,0,1,0,donaldturner@example.org,NULL,Sales and Marketing,2024-09-29 00:00:00.0000000
61,0,1,0,nicholasevans@example.com,NULL,Finances,2024-12-11 00:00:00.0000000
62,0,0,1,barbararichardson@example.org,%I!ILT7Mgu,Sales and Marketing,2024-06-19 00:00:00.0000000
63,0,0,1,tranjulia@example.net,wrGtcnxye,Sales and Marketing,2024-08-27 00:00:00.0000000
64,0,0,1,johnwilliams@example.net,KK63frbTOG,Customer Relations,2024-09-02 00:00:00.0000000
65,1,0,0,jessicamcclure@example.com,NULL,Finances,2024-06-29 00:00:00.0000000
66,1,0,0,tiffanyperkins@example.com,NULL,Customer Relations,2024-03-05 00:00:00.0000000
67,1,0,0,daniellecarter@example.com,NULL,Finances,2024-12-10 00:00:00.0000000
68,0,1,0,wallacekaren@example.com,NULL,Finances,2024-02-23 00:00:00.0000000
69,0,0,1,stevenpena@example.com,C66gyiD*p^,Sales and Marketing,2025-01-03 00:00:00.0000000
70,0,0,1,kathrynwest@example.net,%ifSutrjUe,Sales and Marketing,2024-09-25 00:00:00.0000000
71,0,1,0,petermcdonald@example.com,NULL,Customer Relations,2024-08-31 00:00:00.0000000
72,1,0,0,megan69@example.org,NULL,Finances,2024-07-20 00:00:00.0000000
73,0,1,0,laurenwoods@example.net,NULL,Sales and Marketing,2024-05-11 00:00:00.0000000
74,0,1,0,johnbeasley@example.com,NULL,Finances,2024-12-13 00:00:00.0000000
75,0,1,0,christina34@example.org,NULL,Finances,2024-03-12 00:00:00.0000000
76,1,0,0,fmacdonald@example.net,NULL,Finances,2024-07-16 00:00:00.0000000
77,1,0,0,daviddiaz@example.org,NULL,Finances,2024-07-24 00:00:00.0000000
78,1,0,0,jenniferharris@example.net,NULL,Customer Relations,2024-10-17 00:00:00.0000000
79,1,0,0,john67@example.net,NULL,Sales and Marketing,2024-04-10 00:00:00.0000000
80,0,0,1,dennishouston@example.com,YTpS5dDucH,Customer Relations,2024-07-16 00:00:00.0000000
81,1,0,0,escobarvictor@example.net,NULL,Customer Relations,2024-12-05 00:00:00.0000000
82,1,0,0,andrewriley@example.com,NULL,Customer Relations,2024-08-15 00:00:00.0000000
83,1,0,0,susansosa@example.net,NULL,Customer Relations,2024-05-24 00:00:00.0000000
84,1,0,0,underwoodrandall@example.net,NULL,Finances,2024-01-11 00:00:00.0000000
85,1,0,0,kellyclark@example.com,NULL,Sales and Marketing,2024-08-03 00:00:00.0000000
86,0,1,0,jerrysmith@example.org,NULL,Finances,2024-09-14 00:00:00.0000000
87,0,0,1,sarahstrickland@example.net,2iGbnafmyN,Finances,2024-06-01 00:00:00.0000000
88,1,0,0,shoover@example.org,NULL,Customer Relations,2025-01-02 00:00:00.0000000
89,1,0,0,kathleen26@example.net,NULL,Finances,2024-02-12 00:00:00.0000000
90,1,0,0,maryweiss@example.com,NULL,Finances,2024-09-12 00:00:00.0000000
91,0,1,0,johnbryant@example.org,NULL,Customer Relations,2024-10-05 00:00:00.0000000
92,0,1,0,gonzalezdestiny@example.org,NULL,Sales and Marketing,2024-02-08 00:00:00.0000000
93,0,1,0,jenniferhill@example.net,NULL,Sales and Marketing,2024-07-19 00:00:00.0000000
94,0,0,1,marissa95@example.com,G5byTnB,Customer Relations,2024-07-07 00:00:00.0000000
95,1,0,0,kelseyandrade@example.org,NULL,Customer Relations,2024-12-12 00:00:00.0000000
96,1,0,0,garciakristin@example.org,NULL,Sales and Marketing,2024-08-14 00:00:00.0000000
97,1,0,0,natasha80@example.org,NULL,Finances,2024-10-04 00:00:00.0000000
98,0,1,0,andrea48@example.com,NULL,Sales and Marketing,2024-02-26 00:00:00.0000000
99,0,1,0,lthomas@example.net,NULL,Sales and Marketing,2024-08-27 00:00:00.0000000
100,0,1,0,hudsoncarl@example.net,NULL,Customer Relations,2024-06-23 00:00:00.0000000
101,0,0,1,jhuynh@example.org,H6MBGeqiDY,Sales and Marketing,2024-11-09 00:00:00.0000000
102,0,0,1,yspencer@example.net,6JLmGiqqc&,Finances,2024-11-06 00:00:00.0000000
103,0,0,1,stewartdavid@example.net,pugsg1m,Customer Relations,2024-08-25 00:00:00.0000000
104,1,0,0,adamsullivan@example.com,NULL,Customer Relations,2024-03-16 00:00:00.0000000
105,1,0,0,dianerivera@example.net,NULL,Customer Relations,2024-08-19 00:00:00.0000000
106,1,0,0,eric99@example.net,NULL,Customer Relations,2024-10-20 00:00:00.0000000
107,0,0,1,qnichols@example.com,I@miFaGCKL,Finances,2024-09-13 00:00:00.0000000
108,0,0,1,jenniferlee@example.net,5QL+MVof4J,Sales and Marketing,2024-11-10 00:00:00.0000000
109,0,0,1,arogers@example.net,mIbq4_Vd7H,Finances,2024-12-01 00:00:00.0000000
110,0,0,1,walshbrittany@example.com,h1CyOh00SC,Sales and Marketing,2024-11-01 00:00:00.0000000
111,0,1,0,zroy@example.com,NULL,Finances,2024-04-23 00:00:00.0000000
112,1,0,0,tyronehammond@example.com,NULL,Sales and Marketing,2024-09-09 00:00:00.0000000
113,0,0,1,melindaconner@example.com,!yfN93a--n,Finances,2024-11-08 00:00:00.0000000
114,0,1,0,dukedebra@example.com,NULL,Customer Relations,2024-06-09 00:00:00.0000000
115,0,1,0,kdiaz@example.com,NULL,Finances,2024-06-16 00:00:00.0000000
116,1,0,0,yreyes@example.com,NULL,Sales and Marketing,2024-01-31 00:00:00.0000000
117,0,0,1,eprice@example.net,Da#tPFWnzP,Customer Relations,2024-11-06 00:00:00.0000000
118,0,1,0,alexishudson@example.net,NULL,Sales and Marketing,2024-07-22 00:00:00.0000000
119,0,0,1,aaron40@example.org,5yr$a*bY^6,Sales and Marketing,2024-03-15 00:00:00.0000000
120,1,0,0,courtney00@example.com,NULL,Sales and Marketing,2024-03-24 00:00:00.0000000
121,0,1,0,jsmith@example.org,NULL,Finances,2024-08-06 00:00:00.0000000
122,0,0,1,carlos20@example.org,jJyfZrZI5q,Customer Relations,2024-02-05 00:00:00.0000000
123,0,0,1,xwagner@example.net,5-p%_GiAan,Finances,2024-10-02 00:00:00.0000000
124,0,0,1,cookzachary@example.net,IUYGK_blLO,Finances,2024-05-21 00:00:00.0000000
125,1,0,0,stevenrodriguez@example.net,NULL,Customer Relations,2024-04-13 00:00:00.0000000
126,1,0,0,foleybrandon@example.org,NULL,Finances,2024-02-07 00:00:00.0000000
127,1,0,0,andersonjay@example.net,NULL,Finances,2024-06-12 00:00:00.0000000
128,1,0,0,danasmith@example.net,NULL,Customer Relations,2024-08-14 00:00:00.0000000
129,0,0,1,catherine72@example.net,E7*Qyl6g+l,Customer Relations,2024-12-11 00:00:00.0000000
130,1,0,0,nicole96@example.org,NULL,Sales and Marketing,2024-11-15 00:00:00.0000000
131,0,0,1,juliejenkins@example.org,Azy$&kFwVi,Sales and Marketing,2024-08-02 00:00:00.0000000
132,0,0,1,oalvarado@example.net,hhqJGUbaO,Finances,2024-08-23 00:00:00.0000000
133,0,0,1,martinezsean@example.com,3N!9fjj6S_,Finances,2024-05-24 00:00:00.0000000
134,0,0,1,anita76@example.net,dpg@J_QPMC,Customer Relations,2024-12-27 00:00:00.0000000
135,0,1,0,selliott@example.com,NULL,Sales and Marketing,2024-12-04 00:00:00.0000000
136,1,0,0,nicole37@example.com,NULL,Customer Relations,2024-02-24 00:00:00.0000000
137,0,0,1,alexandraramos@example.org,jYg^NIoHYK,Finances,2024-07-26 00:00:00.0000000
138,1,0,0,phillipsmegan@example.org,NULL,Finances,2024-04-05 00:00:00.0000000
139,1,0,0,justin67@example.com,NULL,Sales and Marketing,2024-04-26 00:00:00.0000000
140,1,0,0,wilsonkatrina@example.net,NULL,Finances,2024-11-23 00:00:00.0000000
141,1,0,0,esnyder@example.com,NULL,Sales and Marketing,2024-08-24 00:00:00.0000000
142,0,1,0,caseysamantha@example.org,NULL,Sales and Marketing,2024-11-02 00:00:00.0000000
143,0,1,0,nglass@example.org,NULL,Sales and Marketing,2024-03-16 00:00:00.0000000
144,1,0,0,jacksonjoe@example.com,NULL,Sales and Marketing,2024-10-11 00:00:00.0000000
145,1,0,0,qaguirre@example.org,NULL,Finances,2024-12-01 00:00:00.0000000
146,1,0,0,mark01@example.com,NULL,Customer Relations,2024-12-05 00:00:00.0000000
147,1,0,0,jessehughes@example.net,NULL,Finances,2024-07-11 00:00:00.0000000
148,0,1,0,buchananbrittany@example.org,NULL,Sales and Marketing,2024-01-14 00:00:00.0000000
149,1,0,0,larsenrodney@example.net,NULL,Customer Relations,2024-08-05 00:00:00.0000000
150,0,0,1,jenny69@example.com,2PSu9IHi1M,Sales and Marketing,2024-09-21 00:00:00.0000000
151,0,1,0,nsmith@example.com,NULL,Sales and Marketing,2024-04-29 00:00:00.0000000
152,1,0,0,charlesvictoria@example.net,NULL,Customer Relations,2024-03-25 00:00:00.0000000
153,1,0,0,whitecarolyn@example.net,NULL,Customer Relations,2024-12-26 00:00:00.0000000
154,0,1,0,welchdenise@example.org,NULL,Finances,2024-09-27 00:00:00.0000000
155,0,1,0,mario23@example.com,NULL,Sales and Marketing,2024-05-19 00:00:00.0000000
156,1,0,0,danielle55@example.com,NULL,Finances,2024-09-02 00:00:00.0000000
157,0,0,1,kara57@example.org,BlofCII-^w,Finances,2025-01-05 00:00:00.0000000
158,1,0,0,abbottkaitlyn@example.org,NULL,Finances,2024-08-21 00:00:00.0000000
159,1,0,0,tanya62@example.net,NULL,Customer Relations,2024-02-08 00:00:00.0000000
160,0,1,0,hthomas@example.org,NULL,Sales and Marketing,2024-01-13 00:00:00.0000000
161,1,0,0,nzamora@example.net,NULL,Sales and Marketing,2024-05-31 00:00:00.0000000
162,1,0,0,crogers@example.net,NULL,Customer Relations,2024-07-08 00:00:00.0000000
163,0,1,0,scottjeffrey@example.net,NULL,Sales and Marketing,2024-02-18 00:00:00.0000000
164,0,1,0,sherijohnson@example.org,NULL,Sales and Marketing,2024-05-25 00:00:00.0000000
165,0,0,1,williamsandrea@example.org,%SaA7^D_l#,Customer Relations,2024-10-10 00:00:00.0000000
166,1,0,0,robertwilliams@example.com,NULL,Customer Relations,2024-12-14 00:00:00.0000000
167,1,0,0,keithjoseph@example.net,NULL,Sales and Marketing,2024-05-12 00:00:00.0000000
168,0,0,1,vcohen@example.com,nr0mwxb5Du,Customer Relations,2024-12-25 00:00:00.0000000
169,0,0,1,antoniodowns@example.net,Y-39!C%RM,Finances,2024-08-20 00:00:00.0000000
170,1,0,0,kristinaallen@example.com,NULL,Finances,2024-10-04 00:00:00.0000000
171,0,1,0,hessstephanie@example.com,NULL,Sales and Marketing,2024-02-05 00:00:00.0000000
172,1,0,0,joseph30@example.com,NULL,Sales and Marketing,2024-09-14 00:00:00.0000000
173,1,0,0,umartinez@example.com,NULL,Customer Relations,2024-08-13 00:00:00.0000000
174,0,1,0,smithrobin@example.net,NULL,Finances,2024-11-26 00:00:00.0000000
175,1,0,0,samuelmiller@example.com,NULL,Finances,2024-09-21 00:00:00.0000000
176,1,0,0,abigailrogers@example.com,NULL,Finances,2024-09-08 00:00:00.0000000
177,1,0,0,tfrazier@example.net,NULL,Customer Relations,2024-10-10 00:00:00.0000000
178,0,1,0,stonelisa@example.net,NULL,Finances,2024-07-26 00:00:00.0000000
179,1,0,0,jonesamanda@example.com,NULL,Sales and Marketing,2024-11-15 00:00:00.0000000
180,1,0,0,ubanks@example.com,NULL,Finances,2024-11-08 00:00:00.0000000
181,0,0,1,vburke@example.org,V^5KrjM1LI,Finances,2024-04-02 00:00:00.0000000
182,0,1,0,morrisongabriel@example.com,NULL,Sales and Marketing,2024-07-16 00:00:00.0000000
183,1,0,0,oclarke@example.net,NULL,Customer Relations,2024-09-17 00:00:00.0000000
184,0,1,0,silvaapril@example.net,NULL,Sales and Marketing,2024-07-07 00:00:00.0000000
185,0,0,1,diana40@example.org,KtlZBKvgB,Finances,2024-05-22 00:00:00.0000000
186,0,1,0,wagnerdeborah@example.net,NULL,Sales and Marketing,2024-09-21 00:00:00.0000000
187,1,0,0,andrew23@example.org,NULL,Sales and Marketing,2024-11-01 00:00:00.0000000
188,1,0,0,lcoleman@example.net,NULL,Customer Relations,2024-01-14 00:00:00.0000000
189,0,0,1,vegachristopher@example.com,bbn0nocfiX,Sales and Marketing,2024-02-23 00:00:00.0000000
190,1,0,0,garybridges@example.org,NULL,Finances,2024-12-02 00:00:00.0000000
191,1,0,0,regina17@example.com,NULL,Sales and Marketing,2024-06-08 00:00:00.0000000
192,1,0,0,uschaefer@example.net,NULL,Customer Relations,2024-09-03 00:00:00.0000000
193,1,0,0,kimberlymartinez@example.net,NULL,Sales and Marketing,2024-11-01 00:00:00.0000000
194,1,0,0,dhuber@example.org,NULL,Finances,2024-10-14 00:00:00.0000000
195,0,1,0,deanrebecca@example.org,NULL,Customer Relations,2024-09-16 00:00:00.0000000
196,0,1,0,cherylduran@example.com,NULL,Finances,2024-11-06 00:00:00.0000000
197,0,0,1,bonnieroman@example.com,P-3rZGtzs$,Sales and Marketing,2024-06-25 00:00:00.0000000
198,0,1,0,aaron01@example.com,NULL,Finances,2024-05-10 00:00:00.0000000
199,0,0,1,jonesveronica@example.com,adx1b&o$ja,Finances,2024-03-29 00:00:00.0000000
200,0,0,1,ajohnston@example.net,z%nVPM^xe1,Sales and Marketing,2024-11-30 00:00:00.0000000
201,0,1,0,cthomas@example.net,NULL,Finances,2024-12-30 00:00:00.0000000
202,1,0,0,hannah07@example.com,NULL,Sales and Marketing,2024-03-12 00:00:00.0000000
203,0,1,0,jacqueline44@example.org,NULL,Customer Relations,2024-03-31 00:00:00.0000000
204,1,0,0,michael75@example.org,NULL,Finances,2024-11-08 00:00:00.0000000
205,0,1,0,benjamin49@example.com,NULL,Customer Relations,2024-03-11 00:00:00.0000000
206,1,0,0,martinshawn@example.org,NULL,Sales and Marketing,2024-10-18 00:00:00.0000000
207,0,0,1,dchen@example.com,D#vNA1N!FQ,Customer Relations,2024-11-03 00:00:00.0000000
208,1,0,0,carlos13@example.net,NULL,Sales and Marketing,2024-06-11 00:00:00.0000000
209,0,0,1,jbrooks@example.com,bd1mgkZL&z,Customer Relations,2024-04-20 00:00:00.0000000
210,0,0,1,davidsanchez@example.net,#Z_$Ob%*7G,Finances,2024-07-12 00:00:00.0000000
211,1,0,0,hickssteve@example.com,NULL,Customer Relations,2024-10-15 00:00:00.0000000
212,1,0,0,fjohnson@example.net,NULL,Sales and Marketing,2024-07-26 00:00:00.0000000
213,0,0,1,wrodgers@example.com,tafYUNkOHM,Customer Relations,2024-03-09 00:00:00.0000000
214,0,0,1,bradley05@example.com,JKQ1DQyGG5,Finances,2024-09-19 00:00:00.0000000
215,1,0,0,melanieharper@example.org,NULL,Customer Relations,2024-12-17 00:00:00.0000000
216,0,1,0,charles46@example.net,NULL,Sales and Marketing,2024-12-30 00:00:00.0000000
217,0,0,1,fosteranthony@example.com,S%0E1JyPl,Customer Relations,2024-08-31 00:00:00.0000000
218,0,1,0,dustin25@example.org,NULL,Finances,2024-05-27 00:00:00.0000000
219,1,0,0,daniellelewis@example.com,NULL,Customer Relations,2024-06-07 00:00:00.0000000
220,0,1,0,morganzimmerman@example.net,NULL,Sales and Marketing,2024-01-14 00:00:00.0000000
221,0,0,1,valerienguyen@example.net,_Kax%I0nF,Sales and Marketing,2024-02-18 00:00:00.0000000
222,0,0,1,piercechristopher@example.org,7@7Zvv4ac6,Sales and Marketing,2024-05-14 00:00:00.0000000
223,0,0,1,johnsonsamantha@example.net,P3ERm78L3^,Finances,2024-03-06 00:00:00.0000000
224,0,1,0,brucewalker@example.com,NULL,Sales and Marketing,2024-09-02 00:00:00.0000000
225,1,0,0,alisha69@example.com,NULL,Finances,2024-12-05 00:00:00.0000000
226,0,1,0,james71@example.org,NULL,Finances,2024-02-16 00:00:00.0000000
227,1,0,0,mitchellhaley@example.org,NULL,Finances,2024-06-13 00:00:00.0000000
228,0,0,1,jason62@example.org,p*a#WCd&b2,Sales and Marketing,2024-04-12 00:00:00.0000000
229,0,1,0,amanda19@example.org,NULL,Sales and Marketing,2024-11-09 00:00:00.0000000
230,0,1,0,robert20@example.org,NULL,Finances,2024-05-24 00:00:00.0000000
231,0,0,1,armstrongalejandro@example.net,^bPH4MtHVy,Finances,2024-01-24 00:00:00.0000000
232,0,1,0,atkinsonjohn@example.net,NULL,Finances,2024-08-06 00:00:00.0000000
233,0,0,1,callahanlauren@example.net,KUzTevIYu,Sales and Marketing,2024-06-20 00:00:00.0000000
234,0,0,1,elizabethjones@example.net,_m1sS&lHu@,Customer Relations,2025-01-03 00:00:00.0000000
235,1,0,0,kleindavid@example.com,NULL,Customer Relations,2024-09-24 00:00:00.0000000
236,0,0,1,felicia59@example.org,NknncwkYeS,Customer Relations,2024-11-01 00:00:00.0000000
237,0,0,1,samanthahall@example.com,HaEQ0yabe,Sales and Marketing,2024-11-24 00:00:00.0000000
238,0,1,0,zgarrison@example.net,NULL,Sales and Marketing,2024-12-19 00:00:00.0000000
239,1,0,0,toddrivas@example.net,NULL,Finances,2024-11-03 00:00:00.0000000
240,0,1,0,arodgers@example.org,NULL,Sales and Marketing,2024-07-24 00:00:00.0000000
241,0,0,1,elizabethgordon@example.net,a+kChF50Pid,Sales and Marketing,2024-02-07 00:00:00.0000000
242,1,0,0,brandonnewman@example.org,NULL,Customer Relations,2024-12-26 00:00:00.0000000
243,1,0,0,millerlaura@example.net,NULL,Sales and Marketing,2024-05-30 00:00:00.0000000
244,0,1,0,rodney76@example.org,NULL,Finances,2024-03-18 00:00:00.0000000
245,1,0,0,jasonromero@example.com,NULL,Customer Relations,2024-12-25 00:00:00.0000000
246,1,0,0,tamara78@example.com,NULL,Finances,2024-06-04 00:00:00.0000000
247,0,1,0,stephenbennett@example.org,NULL,Sales and Marketing,2024-06-21 00:00:00.0000000
248,0,1,0,elizabeth77@example.net,NULL,Customer Relations,2024-08-08 00:00:00.0000000
249,0,0,1,seanzhang@example.net,yxg0TkS!%i,Finances,2024-07-06 00:00:00.0000000
250,0,0,1,gsmith@example.net,2h^d6ZnE6n,Sales and Marketing,2024-03-21 00:00:00.0000000
251,1,0,0,wilsonrichard@example.com,NULL,Sales and Marketing,2024-01-16 00:00:00.0000000
252,1,0,0,jacob58@example.net,NULL,Finances,2024-10-31 00:00:00.0000000
253,0,0,1,keithortega@example.net,7n1^zrH1a*,Customer Relations,2024-11-30 00:00:00.0000000
254,0,1,0,alexandra33@example.org,NULL,Sales and Marketing,2024-08-25 00:00:00.0000000
255,0,1,0,andredurham@example.net,NULL,Customer Relations,2024-11-23 00:00:00.0000000
256,0,0,1,warrenjoseph@example.org,2sanShDl6-,Sales and Marketing,2024-11-01 00:00:00.0000000
257,0,0,1,vanessasims@example.org,garc%6S5Gj,Sales and Marketing,2024-02-08 00:00:00.0000000
258,1,0,0,istewart@example.org,NULL,Sales and Marketing,2024-06-18 00:00:00.0000000
259,1,0,0,garcialaura@example.org,NULL,Finances,2024-10-06 00:00:00.0000000
260,0,0,1,ocarter@example.com,&z%bC9+cvB,Sales and Marketing,2024-03-21 00:00:00.0000000
261,0,1,0,hayesjenna@example.com,NULL,Customer Relations,2024-01-29 00:00:00.0000000
262,0,1,0,westangie@example.org,NULL,Finances,2024-12-20 00:00:00.0000000
263,1,0,0,kristine08@example.net,NULL,Sales and Marketing,2024-04-21 00:00:00.0000000
264,0,0,1,grahamamanda@example.org,RfVK3MaYLt,Sales and Marketing,2024-08-19 00:00:00.0000000
265,0,0,1,prestonwhitaker@example.org,W45PKElvN,Sales and Marketing,2024-03-21 00:00:00.0000000
266,0,0,1,barberjasmine@example.com,Ycz3Gh8t4Y,Customer Relations,2025-01-08 00:00:00.0000000
267,1,0,0,rothmary@example.com,NULL,Customer Relations,2024-11-02 00:00:00.0000000
268,1,0,0,rodriguezjeffery@example.org,NULL,Finances,2024-12-22 00:00:00.0000000
269,0,0,1,ucurtis@example.org,a+nUakGIzHy,Sales and Marketing,2024-05-09 00:00:00.0000000
270,0,1,0,velasquezpatricia@example.org,NULL,Sales and Marketing,2024-02-03 00:00:00.0000000
271,1,0,0,sanderseric@example.com,NULL,Finances,2024-08-02 00:00:00.0000000
272,0,1,0,vsalinas@example.org,NULL,Sales and Marketing,2024-06-17 00:00:00.0000000
273,0,1,0,andersontimothy@example.org,NULL,Finances,2024-05-13 00:00:00.0000000
274,1,0,0,jacob32@example.com,NULL,Customer Relations,2024-04-25 00:00:00.0000000
275,0,0,1,michaelhill@example.com,7SDxrD%Yhl,Sales and Marketing,2024-06-10 00:00:00.0000000
276,0,1,0,lisapalmer@example.com,NULL,Sales and Marketing,2024-12-07 00:00:00.0000000
277,0,1,0,george57@example.net,NULL,Finances,2025-01-05 00:00:00.0000000
278,0,0,1,diazjoan@example.com,v6AKz%lQe,Sales and Marketing,2024-08-12 00:00:00.0000000
279,0,0,1,marc15@example.org,TyCW1D%sHu,Finances,2024-02-28 00:00:00.0000000
280,1,0,0,lauriebuck@example.net,NULL,Finances,2024-12-08 00:00:00.0000000
281,0,0,1,robertsstephen@example.net,v^vK*sy$uB,Customer Relations,2024-11-15 00:00:00.0000000
282,1,0,0,berryrenee@example.org,NULL,Customer Relations,2024-03-02 00:00:00.0000000
283,1,0,0,natashaferguson@example.net,NULL,Finances,2024-09-25 00:00:00.0000000
284,0,0,1,bgomez@example.com,1WOsWGc0is,Finances,2024-06-20 00:00:00.0000000
285,1,0,0,ashley80@example.com,NULL,Sales and Marketing,2024-03-18 00:00:00.0000000
286,1,0,0,lisa23@example.net,NULL,Finances,2024-10-05 00:00:00.0000000
287,0,1,0,mooreandrew@example.org,NULL,Sales and Marketing,2024-11-11 00:00:00.0000000
288,1,0,0,molly10@example.net,NULL,Finances,2024-11-28 00:00:00.0000000
289,1,0,0,shawnmurray@example.org,NULL,Finances,2024-02-26 00:00:00.0000000
290,1,0,0,msingh@example.net,NULL,Customer Relations,2024-06-20 00:00:00.0000000
291,1,0,0,john86@example.com,NULL,Customer Relations,2024-12-26 00:00:00.0000000
292,0,1,0,smithmary@example.org,NULL,Customer Relations,2024-05-07 00:00:00.0000000
293,1,0,0,jacksonvickie@example.com,NULL,Finances,2024-12-25 00:00:00.0000000
294,0,0,1,robert19@example.com,4egOnCEFm,Finances,2024-04-16 00:00:00.0000000
295,0,1,0,bushjeffrey@example.com,NULL,Finances,2024-04-04 00:00:00.0000000
296,1,0,0,barberkimberly@example.net,NULL,Sales and Marketing,2024-05-27 00:00:00.0000000
297,1,0,0,bergtommy@example.org,NULL,Customer Relations,2024-07-06 00:00:00.0000000
298,0,1,0,michaelhill@example.com,NULL,Customer Relations,2024-09-30 00:00:00.0000000
299,0,1,0,millschristopher@example.net,NULL,Finances,2024-07-02 00:00:00.0000000
300,0,1,0,christopherhicks@example.org,NULL,Customer Relations,2024-01-14 00:00:00.0000000
301,0,0,1,brendaholmes@example.org,*yTyRs0Fs,Sales and Marketing,2024-12-04 00:00:00.0000000
302,1,0,0,guychang@example.net,NULL,Finances,2024-05-21 00:00:00.0000000
303,1,0,0,rmoody@example.com,NULL,Finances,2024-02-23 00:00:00.0000000
304,0,0,1,tiffanyyates@example.com,ApK203$l,Finances,2024-02-03 00:00:00.0000000
305,1,0,0,kevinkirk@example.net,NULL,Finances,2024-04-01 00:00:00.0000000
306,1,0,0,judith63@example.org,NULL,Sales and Marketing,2024-04-25 00:00:00.0000000
307,1,0,0,diazthomas@example.net,NULL,Finances,2024-05-02 00:00:00.0000000
308,0,1,0,fsalazar@example.org,NULL,Sales and Marketing,2024-08-24 00:00:00.0000000
309,1,0,0,pedwards@example.net,NULL,Customer Relations,2024-12-27 00:00:00.0000000
310,1,0,0,jamesadams@example.net,NULL,Sales and Marketing,2024-11-08 00:00:00.0000000
311,1,0,0,kelleymackenzie@example.com,NULL,Finances,2024-05-06 00:00:00.0000000
312,0,0,1,jchen@example.org,z9$dSAumA#,Finances,2024-02-16 00:00:00.0000000
313,0,1,0,rrogers@example.net,NULL,Sales and Marketing,2024-08-26 00:00:00.0000000
314,0,0,1,baileymichael@example.net,cZSjw0RTk+,Customer Relations,2024-10-31 00:00:00.0000000
315,0,1,0,barnettkimberly@example.com,NULL,Customer Relations,2024-10-25 00:00:00.0000000
316,0,0,1,burnsjames@example.org,6QmoHD$j+G,Sales and Marketing,2024-10-01 00:00:00.0000000
317,0,0,1,foxgabriel@example.net,MRY&b%dJu,Customer Relations,2024-10-10 00:00:00.0000000
318,0,1,0,doylearthur@example.org,NULL,Sales and Marketing,2024-06-27 00:00:00.0000000
319,1,0,0,tina36@example.com,NULL,Sales and Marketing,2024-04-22 00:00:00.0000000
320,0,0,1,daniel48@example.org,sJvF+DAUW,Sales and Marketing,2024-06-20 00:00:00.0000000
321,1,0,0,bmoore@example.net,NULL,Customer Relations,2024-02-27 00:00:00.0000000
322,1,0,0,jball@example.org,NULL,Finances,2024-06-11 00:00:00.0000000
323,0,1,0,johndalton@example.net,NULL,Customer Relations,2024-02-25 00:00:00.0000000
324,0,0,1,davidfrazier@example.com,U%$2I@GtEZ,Finances,2024-03-01 00:00:00.0000000
325,0,0,1,michael59@example.org,QC_6sxFW%b,Customer Relations,2024-09-20 00:00:00.0000000
326,1,0,0,alee@example.org,NULL,Sales and Marketing,2024-08-16 00:00:00.0000000
327,0,0,1,hicksgilbert@example.net,tPWYunP5E4,Sales and Marketing,2024-05-29 00:00:00.0000000
328,0,1,0,klambert@example.com,NULL,Customer Relations,2024-02-02 00:00:00.0000000
329,1,0,0,davidstein@example.org,NULL,Finances,2024-10-10 00:00:00.0000000
330,1,0,0,thomasisabel@example.net,NULL,Finances,2024-11-24 00:00:00.0000000
331,0,0,1,zbowers@example.org,fWMcYl12OS,Finances,2024-08-08 00:00:00.0000000
332,0,0,1,hendersonwayne@example.com,x3+_ano2CM,Customer Relations,2024-11-24 00:00:00.0000000
333,0,1,0,jennifer93@example.org,NULL,Finances,2024-06-08 00:00:00.0000000
334,1,0,0,susan64@example.com,NULL,Sales and Marketing,2024-01-24 00:00:00.0000000
335,1,0,0,davidlawrence@example.net,NULL,Customer Relations,2024-06-09 00:00:00.0000000
336,1,0,0,jeffrey35@example.org,NULL,Customer Relations,2024-02-17 00:00:00.0000000
337,1,0,0,csmith@example.org,NULL,Finances,2025-01-06 00:00:00.0000000
338,0,1,0,edward21@example.com,NULL,Customer Relations,2024-07-18 00:00:00.0000000
339,1,0,0,scott32@example.net,NULL,Sales and Marketing,2024-09-29 00:00:00.0000000
340,1,0,0,leechristopher@example.net,NULL,Finances,2024-09-19 00:00:00.0000000
341,1,0,0,dorothyrodriguez@example.com,NULL,Finances,2024-06-08 00:00:00.0000000
342,0,1,0,jonesdaniel@example.org,NULL,Sales and Marketing,2024-08-28 00:00:00.0000000
343,1,0,0,marie52@example.org,NULL,Customer Relations,2024-09-27 00:00:00.0000000
344,1,0,0,richard24@example.com,NULL,Customer Relations,2024-01-17 00:00:00.0000000
345,0,0,1,simmonssonia@example.com,PRa0sl-MC,Sales and Marketing,2024-11-17 00:00:00.0000000
346,0,1,0,lstokes@example.com,NULL,Customer Relations,2024-02-02 00:00:00.0000000
347,1,0,0,bgarza@example.net,NULL,Finances,2024-02-25 00:00:00.0000000
348,1,0,0,barbarasmith@example.net,NULL,Sales and Marketing,2024-10-29 00:00:00.0000000
349,0,0,1,debra43@example.org,kHQ&W9fyQQ,Sales and Marketing,2025-01-01 00:00:00.0000000
350,1,0,0,rallen@example.net,NULL,Customer Relations,2024-02-13 00:00:00.0000000
351,1,0,0,fergusonnathan@example.net,NULL,Customer Relations,2024-10-05 00:00:00.0000000
352,1,0,0,laura19@example.com,NULL,Sales and Marketing,2024-08-31 00:00:00.0000000
353,1,0,0,vmeyers@example.com,NULL,Sales and Marketing,2024-03-28 00:00:00.0000000
354,1,0,0,michelecurtis@example.org,NULL,Sales and Marketing,2024-09-26 00:00:00.0000000
355,1,0,0,pinedajane@example.com,NULL,Customer Relations,2024-04-29 00:00:00.0000000
356,1,0,0,gjackson@example.com,NULL,Customer Relations,2024-12-03 00:00:00.0000000
357,0,1,0,whitakersabrina@example.com,NULL,Customer Relations,2024-05-27 00:00:00.0000000
358,1,0,0,danliu@example.org,NULL,Finances,2024-02-28 00:00:00.0000000
359,1,0,0,reginamurphy@example.org,NULL,Finances,2024-03-25 00:00:00.0000000
360,1,0,0,owilliams@example.com,NULL,Sales and Marketing,2024-03-21 00:00:00.0000000
361,0,0,1,ashley40@example.com,C$^OElv#TW,Customer Relations,2024-05-26 00:00:00.0000000
362,1,0,0,krichards@example.com,NULL,Customer Relations,2025-01-08 00:00:00.0000000
363,1,0,0,pmendez@example.com,NULL,Finances,2024-11-24 00:00:00.0000000
364,1,0,0,thomas06@example.com,NULL,Sales and Marketing,2024-08-18 00:00:00.0000000
365,0,0,1,avalentine@example.com,!8s9IpDxwG,Customer Relations,2024-10-27 00:00:00.0000000
366,1,0,0,eric03@example.net,NULL,Sales and Marketing,2024-06-04 00:00:00.0000000
367,1,0,0,brittanyfernandez@example.net,NULL,Finances,2024-08-31 00:00:00.0000000
368,0,0,1,thomasmatthew@example.net,Yo$KtEyS&4,Finances,2024-09-25 00:00:00.0000000
369,0,0,1,xgardner@example.com,p^Fs*&j*Ts,Customer Relations,2024-02-12 00:00:00.0000000
370,1,0,0,shane83@example.net,NULL,Customer Relations,2024-10-11 00:00:00.0000000
371,0,0,1,megan39@example.net,b3WzK93BE,Sales and Marketing,2024-01-26 00:00:00.0000000
372,0,1,0,yprice@example.org,NULL,Finances,2024-04-18 00:00:00.0000000
373,0,1,0,scottrobinson@example.com,NULL,Sales and Marketing,2024-09-11 00:00:00.0000000
374,1,0,0,steven08@example.org,NULL,Sales and Marketing,2024-02-27 00:00:00.0000000
375,0,0,1,brownlaura@example.net,O^t-9kF_9&,Sales and Marketing,2024-03-08 00:00:00.0000000
376,1,0,0,megan78@example.com,NULL,Finances,2024-12-11 00:00:00.0000000
377,1,0,0,leechristina@example.com,NULL,Sales and Marketing,2024-08-19 00:00:00.0000000
378,0,0,1,kchavez@example.com,Am7GPO!SJz,Sales and Marketing,2024-04-07 00:00:00.0000000
379,0,0,1,alexisfuentes@example.net,u7che2PoTx,Customer Relations,2024-11-23 00:00:00.0000000
380,0,0,1,jimmy37@example.org,xoF+7%Y%w,Customer Relations,2024-07-09 00:00:00.0000000
381,1,0,0,gardnermichele@example.net,NULL,Finances,2024-10-13 00:00:00.0000000
382,1,0,0,theresa77@example.com,NULL,Customer Relations,2024-01-18 00:00:00.0000000
383,0,0,1,brucecynthia@example.org,OoKisCY+FN,Customer Relations,2024-08-30 00:00:00.0000000
384,1,0,0,kadams@example.org,NULL,Sales and Marketing,2024-06-21 00:00:00.0000000
385,1,0,0,coxtony@example.com,NULL,Customer Relations,2024-04-23 00:00:00.0000000
386,0,0,1,jessicathomas@example.org,99P94b6-JW,Sales and Marketing,2024-07-22 00:00:00.0000000
387,1,0,0,rachel62@example.org,NULL,Customer Relations,2024-08-12 00:00:00.0000000
388,1,0,0,danielmiller@example.net,NULL,Sales and Marketing,2024-04-15 00:00:00.0000000
389,0,0,1,kward@example.net,a-kXN7mgXt8,Sales and Marketing,2024-04-16 00:00:00.0000000
390,0,1,0,karenfox@example.com,NULL,Customer Relations,2024-09-04 00:00:00.0000000
391,1,0,0,amy81@example.com,NULL,Customer Relations,2024-12-10 00:00:00.0000000
392,0,0,1,bankscatherine@example.net,Y$#+eYPiV,Sales and Marketing,2024-02-06 00:00:00.0000000
393,0,0,1,bperry@example.net,P_u72nYkwG,Customer Relations,2024-10-21 00:00:00.0000000
394,0,1,0,curtisjames@example.org,NULL,Finances,2024-08-14 00:00:00.0000000
395,0,1,0,hmurphy@example.org,NULL,Finances,2024-10-31 00:00:00.0000000
396,1,0,0,twarner@example.com,NULL,Customer Relations,2024-10-18 00:00:00.0000000
397,0,0,1,graveskara@example.com,ELrNJQ76Xy,Finances,2024-03-23 00:00:00.0000000
398,1,0,0,nicholasjuarez@example.net,NULL,Finances,2024-06-15 00:00:00.0000000
399,1,0,0,ylee@example.net,NULL,Customer Relations,2024-10-12 00:00:00.0000000
400,0,0,1,xbruce@example.org,d!RMDBkk+N,Customer Relations,2024-08-07 00:00:00.0000000
401,1,0,0,gillolivia@example.com,NULL,Customer Relations,2024-09-18 00:00:00.0000000
402,1,0,0,wthomas@example.com,NULL,Finances,2025-01-02 00:00:00.0000000
403,1,0,0,jchoi@example.com,NULL,Finances,2024-03-04 00:00:00.0000000
404,0,0,1,sgomez@example.org,av3!F+G-d,Customer Relations,2024-09-21 00:00:00.0000000
405,1,0,0,richardshepherd@example.org,NULL,Sales and Marketing,2024-03-08 00:00:00.0000000
406,0,1,0,derricklogan@example.net,NULL,Sales and Marketing,2024-09-19 00:00:00.0000000
407,0,0,1,paul77@example.com,$0-XtlLVD7,Customer Relations,2024-05-08 00:00:00.0000000
408,0,0,1,richard33@example.net,A09DoK1Y**,Customer Relations,2024-11-21 00:00:00.0000000
409,1,0,0,zallen@example.net,NULL,Customer Relations,2024-03-12 00:00:00.0000000
410,0,1,0,oware@example.org,NULL,Sales and Marketing,2024-11-17 00:00:00.0000000
411,1,0,0,jacqueline70@example.net,NULL,Finances,2024-02-19 00:00:00.0000000
412,1,0,0,audrey97@example.net,NULL,Finances,2024-05-11 00:00:00.0000000
413,0,0,1,destinywallace@example.net,EEGTPT^ps3,Finances,2024-07-27 00:00:00.0000000
414,1,0,0,eduardo83@example.net,NULL,Sales and Marketing,2024-05-27 00:00:00.0000000
415,1,0,0,cunninghamcheryl@example.com,NULL,Customer Relations,2024-11-09 00:00:00.0000000
416,0,0,1,kathleenwhite@example.net,oe6lFkWSti,Customer Relations,2024-03-24 00:00:00.0000000
417,0,0,1,michael33@example.com,7q5ML_ivr,Sales and Marketing,2024-09-10 00:00:00.0000000
418,0,1,0,madeline62@example.net,NULL,Customer Relations,2024-10-13 00:00:00.0000000
419,1,0,0,crystal17@example.com,NULL,Finances,2024-06-24 00:00:00.0000000
420,0,0,1,dyoung@example.com,qq3KDOSW%C,Finances,2024-09-27 00:00:00.0000000
421,0,0,1,thompsonfelicia@example.com,E+$ajG^$MB,Finances,2024-07-08 00:00:00.0000000
422,1,0,0,susanjohnson@example.com,NULL,Finances,2024-07-31 00:00:00.0000000
423,1,0,0,jessica25@example.net,NULL,Customer Relations,2024-07-24 00:00:00.0000000
424,1,0,0,robertsawyer@example.com,NULL,Finances,2024-02-01 00:00:00.0000000
425,1,0,0,kevin86@example.com,NULL,Finances,2024-02-14 00:00:00.0000000
426,1,0,0,carla53@example.org,NULL,Sales and Marketing,2024-11-25 00:00:00.0000000
427,1,0,0,turnerrebecca@example.org,NULL,Sales and Marketing,2024-04-16 00:00:00.0000000
428,0,1,0,lallen@example.net,NULL,Finances,2024-11-15 00:00:00.0000000
429,0,0,1,john47@example.net,akKwx@!xa,Finances,2024-10-09 00:00:00.0000000
430,1,0,0,dferrell@example.net,NULL,Sales and Marketing,2024-02-12 00:00:00.0000000
431,1,0,0,chanwesley@example.net,NULL,Finances,2024-11-27 00:00:00.0000000
432,1,0,0,reynoldskaren@example.com,NULL,Finances,2024-05-12 00:00:00.0000000
433,0,1,0,josephmorris@example.org,NULL,Finances,2024-06-30 00:00:00.0000000
434,0,1,0,fsmith@example.net,NULL,Customer Relations,2024-03-14 00:00:00.0000000
435,0,0,1,randall52@example.com,MqtUmhW8H5,Sales and Marketing,2024-01-31 00:00:00.0000000
436,1,0,0,jasoncarroll@example.net,NULL,Customer Relations,2024-05-21 00:00:00.0000000
437,0,1,0,fergusonrobert@example.org,NULL,Sales and Marketing,2024-05-23 00:00:00.0000000
438,0,1,0,stephenknox@example.com,NULL,Customer Relations,2024-10-09 00:00:00.0000000
439,1,0,0,youngmelissa@example.net,NULL,Finances,2024-05-02 00:00:00.0000000
440,0,0,1,allenpamela@example.org,ZFa^0U86+X,Finances,2024-12-16 00:00:00.0000000
441,0,0,1,alison38@example.com,Ne!%Iqfxy^,Finances,2024-07-08 00:00:00.0000000
442,0,0,1,freemantiffany@example.org,RS#5H5CCtR,Customer Relations,2024-04-28 00:00:00.0000000
443,1,0,0,david33@example.com,NULL,Sales and Marketing,2024-03-08 00:00:00.0000000
444,0,0,1,ian71@example.net,=+ac0D2Naa,Customer Relations,2024-03-31 00:00:00.0000000
445,0,1,0,jcampbell@example.com,NULL,Sales and Marketing,2024-02-06 00:00:00.0000000
446,0,1,0,dyerbobby@example.net,NULL,Finances,2024-03-26 00:00:00.0000000
447,1,0,0,stanley26@example.org,NULL,Finances,2024-05-19 00:00:00.0000000
448,1,0,0,diana29@example.org,NULL,Sales and Marketing,2024-04-06 00:00:00.0000000
449,0,0,1,florespatricia@example.net,D&8Ud^j#y,Finances,2024-05-25 00:00:00.0000000
450,1,0,0,ashley18@example.com,NULL,Customer Relations,2024-06-09 00:00:00.0000000
451,0,1,0,tmorris@example.org,NULL,Finances,2024-06-14 00:00:00.0000000
452,1,0,0,osmith@example.com,NULL,Customer Relations,2024-03-06 00:00:00.0000000
453,1,0,0,omoore@example.com,NULL,Finances,2024-08-29 00:00:00.0000000
454,0,1,0,jonesthomas@example.com,NULL,Customer Relations,2024-06-13 00:00:00.0000000
455,1,0,0,eacosta@example.com,NULL,Finances,2024-06-02 00:00:00.0000000
456,0,1,0,caseycory@example.org,NULL,Finances,2024-08-05 00:00:00.0000000
457,0,0,1,dukelinda@example.net,zu!L7oH6+@,Customer Relations,2024-09-22 00:00:00.0000000
458,1,0,0,sandra03@example.com,NULL,Sales and Marketing,2024-12-17 00:00:00.0000000
459,1,0,0,lori09@example.net,NULL,Customer Relations,2024-10-24 00:00:00.0000000
460,0,1,0,yutristan@example.com,NULL,Sales and Marketing,2024-02-04 00:00:00.0000000
461,0,0,1,kimberly40@example.net,2drel*ePop,Sales and Marketing,2024-07-07 00:00:00.0000000
462,1,0,0,gerald83@example.net,NULL,Sales and Marketing,2024-04-09 00:00:00.0000000
463,0,0,1,kylewolf@example.com,uLIYi5$J67,Sales and Marketing,2024-05-14 00:00:00.0000000
464,1,0,0,christopherhurley@example.org,NULL,Finances,2024-03-10 00:00:00.0000000
465,1,0,0,urichards@example.com,NULL,Finances,2024-11-05 00:00:00.0000000
466,0,0,1,crystalroberts@example.org,ELmmjfpK_,Finances,2024-03-30 00:00:00.0000000
467,1,0,0,megan44@example.org,NULL,Sales and Marketing,2024-07-24 00:00:00.0000000
468,1,0,0,alejandra71@example.net,NULL,Finances,2024-06-22 00:00:00.0000000
469,0,0,1,markoneal@example.net,RLX5+_DkV,Sales and Marketing,2024-03-07 00:00:00.0000000
470,0,0,1,angielambert@example.net,4!XLrd9-v,Sales and Marketing,2024-03-20 00:00:00.0000000
471,0,1,0,saragillespie@example.net,NULL,Sales and Marketing,2024-09-27 00:00:00.0000000
472,1,0,0,jwilliams@example.net,NULL,Customer Relations,2024-04-22 00:00:00.0000000
473,0,0,1,larry20@example.net,p*0MwE4#R,Customer Relations,2024-11-04 00:00:00.0000000
474,0,0,1,johnowens@example.org,0pJVu%Z*C2,Sales and Marketing,2024-03-09 00:00:00.0000000
475,0,0,1,amanda13@example.org,Cj46fOFGD,Customer Relations,2024-06-18 00:00:00.0000000
476,0,0,1,xdavis@example.net,Er$wkGew$w,Sales and Marketing,2024-05-07 00:00:00.0000000
477,1,0,0,philipholland@example.org,NULL,Sales and Marketing,2024-05-19 00:00:00.0000000
478,1,0,0,emartin@example.net,NULL,Customer Relations,2024-12-30 00:00:00.0000000
479,0,1,0,ruthmorales@example.com,NULL,Customer Relations,2024-02-08 00:00:00.0000000
480,1,0,0,chelseabeasley@example.net,NULL,Finances,2024-12-09 00:00:00.0000000
481,1,0,0,lrichardson@example.org,NULL,Finances,2024-11-20 00:00:00.0000000
482,1,0,0,ricardorogers@example.org,NULL,Finances,2024-05-01 00:00:00.0000000
483,0,0,1,ctate@example.org,1n&iuAl*k%,Sales and Marketing,2024-10-13 00:00:00.0000000
484,1,0,0,dknight@example.net,NULL,Sales and Marketing,2024-03-17 00:00:00.0000000
485,0,0,1,carolhernandez@example.org,8!cOQkCafp,Finances,2024-02-25 00:00:00.0000000
486,1,0,0,tjohnson@example.com,NULL,Sales and Marketing,2024-05-19 00:00:00.0000000
487,1,0,0,uhinton@example.com,NULL,Customer Relations,2024-01-11 00:00:00.0000000
488,0,0,1,johnsonroger@example.com,vvSHiBhoz*,Sales and Marketing,2024-04-16 00:00:00.0000000
489,1,0,0,timothylane@example.net,NULL,Customer Relations,2024-05-20 00:00:00.0000000
490,1,0,0,lstevens@example.net,NULL,Sales and Marketing,2024-11-28 00:00:00.0000000
491,1,0,0,morrisonsheri@example.org,NULL,Finances,2024-06-06 00:00:00.0000000
492,1,0,0,kennethhernandez@example.net,NULL,Sales and Marketing,2024-04-10 00:00:00.0000000
493,1,0,0,dhinton@example.net,NULL,Customer Relations,2025-01-02 00:00:00.0000000
494,0,1,0,qcampbell@example.com,NULL,Finances,2024-06-02 00:00:00.0000000
495,1,0,0,xmorse@example.org,NULL,Sales and Marketing,2024-12-14 00:00:00.0000000
496,1,0,0,john76@example.com,NULL,Customer Relations,2024-05-15 00:00:00.0000000
497,0,1,0,tracyfreeman@example.com,NULL,Finances,2024-08-30 00:00:00.0000000
498,0,0,1,sandraalexander@example.net,GV85fwX18A,Customer Relations,2024-03-29 00:00:00.0000000
499,0,0,1,john73@example.org,X-#c3deW-J,Customer Relations,2024-02-05 00:00:00.0000000
500,1,0,0,audreyball@example.com,NULL,Sales and Marketing,2024-10-31 00:00:00.0000000
501,1,0,0,ashleyboyle@example.org,NULL,Sales and Marketing,2024-01-20 00:00:00.0000000
502,1,0,0,perryjonathan@example.com,NULL,Finances,2025-01-04 00:00:00.0000000
503,1,0,0,kathysmith@example.org,NULL,Finances,2024-07-25 00:00:00.0000000
504,0,0,1,samuelfrye@example.net,%6zMxeAgA$,Customer Relations,2024-04-17 00:00:00.0000000
505,0,0,1,fchandler@example.com,kBq_GBeL9P,Customer Relations,2024-09-02 00:00:00.0000000
506,1,0,0,gallowayedward@example.com,NULL,Customer Relations,2024-11-01 00:00:00.0000000
507,1,0,0,ncarroll@example.net,NULL,Finances,2024-07-23 00:00:00.0000000
508,0,0,1,vcooper@example.com,Jx-03tjnqA,Sales and Marketing,2024-03-06 00:00:00.0000000
509,1,0,0,jonathananthony@example.com,NULL,Finances,2024-05-19 00:00:00.0000000
510,0,0,1,susanthompson@example.net,xfbPiYDyVe,Finances,2024-12-31 00:00:00.0000000
511,0,0,1,gbolton@example.net,S$M8ExT1#,Sales and Marketing,2024-10-29 00:00:00.0000000
512,0,0,1,matthewsanthony@example.org,Lab+f6amt1,Finances,2024-07-26 00:00:00.0000000
513,0,0,1,julierodriguez@example.net,doGaxTE_wc,Finances,2024-02-02 00:00:00.0000000
514,0,0,1,david23@example.net,O%b9XDrdj,Finances,2024-10-17 00:00:00.0000000
515,0,1,0,shepherdsarah@example.net,NULL,Customer Relations,2024-12-15 00:00:00.0000000
516,1,0,0,hhernandez@example.org,NULL,Finances,2024-08-25 00:00:00.0000000
517,0,0,1,jlowe@example.org,40hOLlX7E,Customer Relations,2024-03-10 00:00:00.0000000
518,0,1,0,asmith@example.org,NULL,Finances,2024-12-13 00:00:00.0000000
519,0,0,1,walter70@example.org,&6Sukh7@bp,Sales and Marketing,2024-09-07 00:00:00.0000000
520,1,0,0,brianturner@example.net,NULL,Sales and Marketing,2024-01-29 00:00:00.0000000
521,1,0,0,petersonkatherine@example.com,NULL,Finances,2024-06-22 00:00:00.0000000
522,1,0,0,diana37@example.com,NULL,Customer Relations,2024-08-11 00:00:00.0000000
523,0,0,1,haley24@example.net,b$bt^SxtJz,Finances,2024-10-02 00:00:00.0000000
524,1,0,0,hudsonmelissa@example.com,NULL,Sales and Marketing,2024-06-18 00:00:00.0000000
525,0,1,0,zmcdonald@example.org,NULL,Sales and Marketing,2024-12-07 00:00:00.0000000
526,0,0,1,jillochoa@example.org,0yD#qT0V*8,Sales and Marketing,2024-04-29 00:00:00.0000000
527,0,0,1,denise33@example.org,bqIA8Vnc*l,Customer Relations,2024-01-26 00:00:00.0000000
528,0,1,0,lindathomas@example.org,NULL,Sales and Marketing,2024-11-25 00:00:00.0000000
529,0,1,0,uerickson@example.net,NULL,Sales and Marketing,2024-06-21 00:00:00.0000000
530,0,0,1,huanglindsay@example.org,5lLKm!vi4,Finances,2024-05-30 00:00:00.0000000
531,0,1,0,harmonerica@example.org,NULL,Finances,2024-12-25 00:00:00.0000000
532,1,0,0,duncanmichael@example.net,NULL,Finances,2024-08-31 00:00:00.0000000
533,0,0,1,hlin@example.org,dscfvwaM3X,Finances,2024-08-04 00:00:00.0000000
534,1,0,0,chenmichelle@example.com,NULL,Customer Relations,2024-05-19 00:00:00.0000000
535,0,1,0,hayesjacob@example.net,NULL,Sales and Marketing,2024-02-26 00:00:00.0000000
536,1,0,0,tina33@example.net,NULL,Sales and Marketing,2024-02-07 00:00:00.0000000
537,1,0,0,natalie90@example.org,NULL,Finances,2024-07-29 00:00:00.0000000
538,0,1,0,judith93@example.org,NULL,Finances,2024-01-27 00:00:00.0000000
539,1,0,0,lsmith@example.net,NULL,Finances,2024-11-22 00:00:00.0000000
540,0,0,1,erikday@example.org,MQaT%m-muX,Customer Relations,2024-10-18 00:00:00.0000000
541,0,1,0,hollandkimberly@example.com,NULL,Sales and Marketing,2024-04-10 00:00:00.0000000
542,0,1,0,joseph74@example.com,NULL,Customer Relations,2024-06-27 00:00:00.0000000
543,0,0,1,tamaracervantes@example.org,-A8w@2ER2,Finances,2024-12-14 00:00:00.0000000
544,1,0,0,lryan@example.net,NULL,Sales and Marketing,2024-07-01 00:00:00.0000000
545,0,1,0,woodstina@example.org,NULL,Sales and Marketing,2024-06-22 00:00:00.0000000
546,1,0,0,tpennington@example.org,NULL,Sales and Marketing,2024-06-08 00:00:00.0000000
547,0,0,1,myersnicholas@example.net,!LWxN2j3U,Finances,2024-04-30 00:00:00.0000000
548,1,0,0,wboyle@example.com,NULL,Customer Relations,2024-01-24 00:00:00.0000000
549,0,0,1,roywilson@example.com,s$K!z6XW!W,Finances,2024-08-06 00:00:00.0000000
550,0,1,0,williammacdonald@example.net,NULL,Finances,2024-09-25 00:00:00.0000000
551,1,0,0,mitchellnicole@example.org,NULL,Customer Relations,2024-06-23 00:00:00.0000000
552,0,1,0,tammiemyers@example.org,NULL,Finances,2024-05-22 00:00:00.0000000
553,0,0,1,tbrown@example.net,EoWcabeQP_,Finances,2024-03-08 00:00:00.0000000
554,0,0,1,bonnie29@example.com,0GpF8pm0yj,Customer Relations,2024-07-24 00:00:00.0000000
555,0,1,0,kylehernandez@example.com,NULL,Finances,2024-06-03 00:00:00.0000000
556,0,0,1,hmalone@example.net,Hrikikn5F9,Customer Relations,2024-08-30 00:00:00.0000000
557,0,0,1,yvonne13@example.net,XPV@olDR$u,Customer Relations,2024-12-19 00:00:00.0000000
558,1,0,0,austinconnie@example.org,NULL,Sales and Marketing,2024-05-14 00:00:00.0000000
559,1,0,0,steven78@example.org,NULL,Customer Relations,2024-12-17 00:00:00.0000000
560,0,0,1,yflores@example.org,WenIYnF*4n,Finances,2024-11-11 00:00:00.0000000
561,1,0,0,rodriguezkim@example.com,NULL,Finances,2024-10-27 00:00:00.0000000
562,0,1,0,mbradley@example.org,NULL,Sales and Marketing,2024-12-10 00:00:00.0000000
563,0,0,1,craig67@example.net,ifWgeBoyZs,Customer Relations,2024-02-01 00:00:00.0000000
564,1,0,0,denisebuchanan@example.net,NULL,Customer Relations,2024-04-08 00:00:00.0000000
565,0,0,1,michael97@example.net,p3C9Lp69jJ,Customer Relations,2024-11-27 00:00:00.0000000
566,0,0,1,coreyjohnson@example.org,9B_MjIv61-,Finances,2024-11-05 00:00:00.0000000
567,1,0,0,josephthompson@example.org,NULL,Sales and Marketing,2024-06-21 00:00:00.0000000
568,1,0,0,yeseniastokes@example.org,NULL,Sales and Marketing,2024-04-03 00:00:00.0000000
569,0,0,1,lindaoneill@example.net,h4nN3$^YXB,Finances,2024-08-16 00:00:00.0000000
570,1,0,0,samantha20@example.com,NULL,Customer Relations,2024-05-13 00:00:00.0000000
571,0,0,1,duane56@example.org,lG-Ya8PrP%,Finances,2024-05-10 00:00:00.0000000
572,1,0,0,jessicahernandez@example.com,NULL,Sales and Marketing,2024-02-16 00:00:00.0000000
573,1,0,0,kathleen14@example.org,NULL,Finances,2024-07-06 00:00:00.0000000
574,1,0,0,davidjones@example.com,NULL,Customer Relations,2024-05-14 00:00:00.0000000
575,1,0,0,kevinbennett@example.net,NULL,Sales and Marketing,2024-08-08 00:00:00.0000000
576,0,1,0,crystalgordon@example.org,NULL,Finances,2024-07-15 00:00:00.0000000
577,0,0,1,emmamiller@example.org,441rlncDPH,Customer Relations,2024-09-29 00:00:00.0000000
578,1,0,0,zsnyder@example.net,NULL,Customer Relations,2024-09-12 00:00:00.0000000
579,1,0,0,chadbradford@example.net,NULL,Sales and Marketing,2024-09-22 00:00:00.0000000
580,0,0,1,copelandsarah@example.net,p5xgSk423,Finances,2024-06-20 00:00:00.0000000
581,1,0,0,rebeccamiller@example.net,NULL,Customer Relations,2024-10-10 00:00:00.0000000
582,0,0,1,kendra48@example.org,Pb#A$PyD,Sales and Marketing,2024-06-30 00:00:00.0000000
583,1,0,0,hle@example.net,NULL,Sales and Marketing,2024-11-28 00:00:00.0000000
584,1,0,0,bakersean@example.net,NULL,Sales and Marketing,2024-12-05 00:00:00.0000000
585,0,1,0,jasmine59@example.net,NULL,Sales and Marketing,2024-01-31 00:00:00.0000000
586,1,0,0,caldwellchelsea@example.com,NULL,Finances,2024-10-15 00:00:00.0000000
587,0,0,1,leahmyers@example.com,PO7VK0HO*m,Customer Relations,2024-03-28 00:00:00.0000000
588,0,0,1,william87@example.net,qK*jIBQOL^,Sales and Marketing,2024-03-02 00:00:00.0000000
589,0,0,1,alyssa76@example.org,tK8bbBVw,Sales and Marketing,2024-01-23 00:00:00.0000000
590,1,0,0,andrewdougherty@example.org,NULL,Customer Relations,2024-09-27 00:00:00.0000000
591,1,0,0,steven74@example.com,NULL,Customer Relations,2024-12-29 00:00:00.0000000
592,1,0,0,kristina33@example.org,NULL,Finances,2024-02-15 00:00:00.0000000
593,1,0,0,mark49@example.com,NULL,Finances,2024-05-22 00:00:00.0000000
594,0,0,1,renee47@example.org,tb3Qzkbfq,Finances,2024-05-06 00:00:00.0000000
595,1,0,0,judy87@example.net,NULL,Sales and Marketing,2024-09-28 00:00:00.0000000
596,1,0,0,wilkinskarina@example.net,NULL,Sales and Marketing,2024-10-31 00:00:00.0000000
597,0,0,1,kelseyfletcher@example.org,Q!LG9Nl#-P,Finances,2024-02-02 00:00:00.0000000
598,1,0,0,tperry@example.org,NULL,Customer Relations,2024-03-21 00:00:00.0000000
599,0,1,0,sarahmullins@example.com,NULL,Sales and Marketing,2024-04-14 00:00:00.0000000
600,1,0,0,yrobles@example.org,NULL,Finances,2024-05-08 00:00:00.0000000
601,0,0,1,daniel03@example.net,2iZkzQc+K9,Sales and Marketing,2024-05-27 00:00:00.0000000
602,1,0,0,erica69@example.com,NULL,Customer Relations,2024-09-02 00:00:00.0000000
603,0,0,1,taylorcalhoun@example.com,4_P3d+LQ#b,Customer Relations,2024-06-01 00:00:00.0000000
604,0,0,1,wmitchell@example.com,%diabg-y&K,Finances,2024-12-23 00:00:00.0000000
605,0,0,1,elizabeth23@example.com,^gcNmwtsh,Customer Relations,2024-07-11 00:00:00.0000000
606,0,1,0,emaynard@example.net,NULL,Finances,2025-01-03 00:00:00.0000000
607,1,0,0,farmstrong@example.net,NULL,Sales and Marketing,2024-03-07 00:00:00.0000000
608,0,0,1,richardjohnson@example.com,5Z!ms6vpRo,Customer Relations,2024-02-26 00:00:00.0000000
609,0,1,0,rlamb@example.org,NULL,Customer Relations,2024-08-07 00:00:00.0000000
610,0,1,0,kayla74@example.org,NULL,Sales and Marketing,2024-02-17 00:00:00.0000000
611,1,0,0,ufisher@example.com,NULL,Customer Relations,2024-01-27 00:00:00.0000000
612,1,0,0,bruce07@example.net,NULL,Finances,2024-12-08 00:00:00.0000000
613,0,0,1,elizabethbenton@example.com,mtJot9IzIx,Customer Relations,2024-08-31 00:00:00.0000000
614,0,0,1,drobinson@example.net,XGSe*u*w^V,Customer Relations,2024-02-27 00:00:00.0000000
615,1,0,0,imitchell@example.org,NULL,Sales and Marketing,2024-02-22 00:00:00.0000000
616,0,0,1,ashley47@example.org,*B%SoJ5xdj,Customer Relations,2024-10-30 00:00:00.0000000
617,0,1,0,qowen@example.net,NULL,Sales and Marketing,2024-10-30 00:00:00.0000000
618,0,0,1,janderson@example.org,SD_vtORT&L,Finances,2024-03-17 00:00:00.0000000
619,1,0,0,denise62@example.com,NULL,Customer Relations,2024-08-23 00:00:00.0000000
620,1,0,0,sanchezjonathan@example.org,NULL,Customer Relations,2024-05-11 00:00:00.0000000
621,1,0,0,jessicachan@example.net,NULL,Sales and Marketing,2024-05-07 00:00:00.0000000
622,0,1,0,nicole57@example.org,NULL,Finances,2024-03-08 00:00:00.0000000
623,0,0,1,vlindsey@example.org,bsNa@6-NxF,Sales and Marketing,2024-08-13 00:00:00.0000000
624,0,0,1,vanthony@example.com,@CCo2Ai8-@,Finances,2024-12-20 00:00:00.0000000
625,0,1,0,patricia18@example.net,NULL,Sales and Marketing,2024-09-14 00:00:00.0000000
626,0,1,0,tracyzuniga@example.net,NULL,Customer Relations,2024-12-18 00:00:00.0000000
627,1,0,0,kim79@example.com,NULL,Sales and Marketing,2024-04-17 00:00:00.0000000
628,0,0,1,davidespinoza@example.org,5T6P1JKk$w,Finances,2024-11-06 00:00:00.0000000
629,0,0,1,chavezmichael@example.net,06wvp#l&I^,Finances,2024-08-13 00:00:00.0000000
630,1,0,0,xmartinez@example.org,NULL,Finances,2024-07-24 00:00:00.0000000
631,1,0,0,francisco41@example.org,NULL,Finances,2024-08-22 00:00:00.0000000
632,0,1,0,harringtonlisa@example.com,NULL,Finances,2024-06-25 00:00:00.0000000
633,0,1,0,christopherhernandez@example.org,NULL,Customer Relations,2024-08-24 00:00:00.0000000
634,1,0,0,louis70@example.org,NULL,Finances,2024-01-20 00:00:00.0000000
635,1,0,0,mistypoole@example.net,NULL,Finances,2024-11-05 00:00:00.0000000
636,0,1,0,pamcox@example.org,NULL,Customer Relations,2024-04-17 00:00:00.0000000
637,0,0,1,tcampbell@example.org,CrbFQumri-,Customer Relations,2024-12-02 00:00:00.0000000
638,1,0,0,johnsonchristopher@example.com,NULL,Customer Relations,2024-10-15 00:00:00.0000000
639,0,1,0,danielledavidson@example.com,NULL,Sales and Marketing,2024-10-15 00:00:00.0000000
640,0,0,1,eugenecarey@example.net,fGx*XaG2$b,Sales and Marketing,2024-06-16 00:00:00.0000000
641,1,0,0,vernoncarrillo@example.net,NULL,Customer Relations,2024-03-30 00:00:00.0000000
642,0,0,1,sallyblack@example.org,d2a6qb0gq,Finances,2024-11-28 00:00:00.0000000
643,1,0,0,brian83@example.org,NULL,Finances,2024-07-17 00:00:00.0000000
644,0,0,1,ricardoevans@example.com,gw@Ht%sVF,Finances,2024-04-20 00:00:00.0000000
645,1,0,0,pattersonjohn@example.net,NULL,Customer Relations,2024-12-08 00:00:00.0000000
646,0,0,1,cookcatherine@example.com,beRQIPEVmU,Sales and Marketing,2024-05-01 00:00:00.0000000
647,1,0,0,danielle40@example.com,NULL,Finances,2024-06-13 00:00:00.0000000
648,0,0,1,nicoleparker@example.com,je+4leGA&,Sales and Marketing,2024-04-10 00:00:00.0000000
649,1,0,0,mark82@example.net,NULL,Finances,2024-09-22 00:00:00.0000000
650,1,0,0,hbridges@example.net,NULL,Customer Relations,2024-11-07 00:00:00.0000000
651,0,0,1,charris@example.net,u6Z7zKXewb,Customer Relations,2024-09-27 00:00:00.0000000
652,0,0,1,lindsey28@example.net,CJUYBTH-w,Finances,2024-06-03 00:00:00.0000000
653,1,0,0,brianamathis@example.org,NULL,Sales and Marketing,2025-01-07 00:00:00.0000000
654,1,0,0,rodneypotter@example.net,NULL,Sales and Marketing,2024-07-28 00:00:00.0000000
655,0,1,0,amy12@example.net,NULL,Customer Relations,2024-04-20 00:00:00.0000000
656,0,1,0,tiffany63@example.net,NULL,Customer Relations,2024-03-23 00:00:00.0000000
657,1,0,0,jenkinsrobin@example.com,NULL,Sales and Marketing,2024-10-12 00:00:00.0000000
658,0,0,1,mcdanielwanda@example.com,vEat1R&vdp,Customer Relations,2024-06-23 00:00:00.0000000
659,0,0,1,kevin23@example.org,uC%dzaJ5!*,Finances,2024-10-04 00:00:00.0000000
660,0,1,0,christopher45@example.org,NULL,Finances,2024-07-29 00:00:00.0000000
661,0,0,1,charles30@example.net,c_HGG_JahD,Sales and Marketing,2024-04-04 00:00:00.0000000
662,1,0,0,jesse45@example.com,NULL,Customer Relations,2024-03-24 00:00:00.0000000
663,0,1,0,xgriffin@example.net,NULL,Finances,2024-03-25 00:00:00.0000000
664,0,1,0,hancocksusan@example.net,NULL,Customer Relations,2024-06-12 00:00:00.0000000
665,0,1,0,piercepreston@example.org,NULL,Customer Relations,2024-03-30 00:00:00.0000000
666,0,0,1,thomas41@example.net,GccmilzDIv,Customer Relations,2024-03-20 00:00:00.0000000
667,0,0,1,torressheena@example.net,j-1L4sdoyh,Finances,2024-07-31 00:00:00.0000000
668,0,1,0,michaelbarron@example.net,NULL,Finances,2024-08-24 00:00:00.0000000
669,1,0,0,michael26@example.net,NULL,Customer Relations,2024-05-25 00:00:00.0000000
670,0,1,0,echerry@example.com,NULL,Sales and Marketing,2024-07-27 00:00:00.0000000
671,0,1,0,evelyn43@example.org,NULL,Sales and Marketing,2024-03-07 00:00:00.0000000
672,0,1,0,danielshepard@example.com,NULL,Customer Relations,2024-01-10 00:00:00.0000000
673,1,0,0,michelle90@example.org,NULL,Sales and Marketing,2024-10-26 00:00:00.0000000
674,0,0,1,kimberlyquinn@example.net,C%#G%^hiI,Customer Relations,2024-04-23 00:00:00.0000000
675,0,1,0,millerjoan@example.net,NULL,Finances,2024-01-26 00:00:00.0000000
676,1,0,0,william68@example.org,NULL,Customer Relations,2024-09-10 00:00:00.0000000
677,0,0,1,johnjefferson@example.net,%@LbERTW@,Customer Relations,2024-10-22 00:00:00.0000000
678,1,0,0,tracy28@example.org,NULL,Customer Relations,2024-03-23 00:00:00.0000000
679,0,1,0,adamsalazar@example.org,NULL,Customer Relations,2024-04-10 00:00:00.0000000
680,0,0,1,morgan69@example.org,%7S+Nbump,Customer Relations,2024-10-30 00:00:00.0000000
681,1,0,0,epitts@example.com,NULL,Sales and Marketing,2024-05-01 00:00:00.0000000
682,0,0,1,davidjohnson@example.net,Z-bAgDAvU,Sales and Marketing,2024-03-22 00:00:00.0000000
683,1,0,0,danny76@example.org,NULL,Sales and Marketing,2024-09-02 00:00:00.0000000
684,1,0,0,slowe@example.com,NULL,Finances,2024-04-02 00:00:00.0000000
685,0,0,1,munozmarcus@example.net,aCyT^IJH_#,Customer Relations,2024-03-21 00:00:00.0000000
686,0,1,0,timothytaylor@example.net,NULL,Customer Relations,2024-10-12 00:00:00.0000000
687,1,0,0,dhunt@example.com,NULL,Customer Relations,2024-11-12 00:00:00.0000000
688,0,0,1,gbrowning@example.org,qST*C3LwhM,Customer Relations,2024-09-16 00:00:00.0000000
689,0,0,1,lynnwheeler@example.org,hAn0aaqTYd,Finances,2024-12-23 00:00:00.0000000
690,1,0,0,diazjonathan@example.net,NULL,Finances,2024-02-29 00:00:00.0000000
691,1,0,0,nmadden@example.net,NULL,Finances,2024-10-05 00:00:00.0000000
692,1,0,0,jessicaskinner@example.com,NULL,Finances,2024-11-24 00:00:00.0000000
693,0,1,0,harveykimberly@example.net,NULL,Customer Relations,2024-11-01 00:00:00.0000000
694,0,0,1,nicholas55@example.net,&JGFMAm5!E,Sales and Marketing,2024-07-01 00:00:00.0000000
695,1,0,0,corey03@example.com,NULL,Finances,2024-02-12 00:00:00.0000000
696,0,1,0,courtneymartin@example.com,NULL,Finances,2024-08-15 00:00:00.0000000
697,1,0,0,mgentry@example.org,NULL,Sales and Marketing,2024-10-03 00:00:00.0000000
698,0,0,1,karastafford@example.org,#WbfJDNi@n,Customer Relations,2024-01-27 00:00:00.0000000
699,1,0,0,harrismelanie@example.org,NULL,Sales and Marketing,2024-02-12 00:00:00.0000000
700,1,0,0,kylejenkins@example.net,NULL,Customer Relations,2024-08-14 00:00:00.0000000
701,0,0,1,jessicajohnson@example.com,MMTxxag+3o,Finances,2024-03-08 00:00:00.0000000
702,0,0,1,kristen08@example.com,&n#AeyRu8,Sales and Marketing,2024-08-04 00:00:00.0000000
703,0,0,1,melissasmith@example.com,YT0DTtG7Y!,Finances,2025-01-04 00:00:00.0000000
704,0,1,0,douglasmyers@example.org,NULL,Sales and Marketing,2024-01-10 00:00:00.0000000
705,0,1,0,rkelly@example.net,NULL,Finances,2024-04-21 00:00:00.0000000
706,0,0,1,nathan54@example.com,WZdbns4Mxt,Finances,2024-02-21 00:00:00.0000000
707,0,1,0,stoutjared@example.net,NULL,Finances,2024-07-26 00:00:00.0000000
708,0,1,0,goodmanashley@example.com,NULL,Sales and Marketing,2024-09-02 00:00:00.0000000
709,0,0,1,dconway@example.com,QT7rH2^bZ,Finances,2024-06-20 00:00:00.0000000
710,0,1,0,amandacarey@example.com,NULL,Finances,2024-10-27 00:00:00.0000000
711,0,0,1,johngarcia@example.net,gpApyAxK!I,Sales and Marketing,2024-12-24 00:00:00.0000000
712,1,0,0,wmurray@example.org,NULL,Customer Relations,2024-10-05 00:00:00.0000000
713,0,1,0,awilliams@example.org,NULL,Finances,2024-03-31 00:00:00.0000000
714,1,0,0,richarddouglas@example.org,NULL,Sales and Marketing,2024-12-13 00:00:00.0000000
715,0,1,0,obrienjennifer@example.org,NULL,Customer Relations,2025-01-03 00:00:00.0000000
716,0,0,1,steve80@example.net,3wIpDa6c3,Finances,2024-06-14 00:00:00.0000000
717,0,0,1,stefanie26@example.net,v71QZCqA-#,Customer Relations,2024-09-03 00:00:00.0000000
718,0,0,1,amyrhodes@example.com,V#KgzobK,Customer Relations,2024-12-12 00:00:00.0000000
719,1,0,0,csanchez@example.org,NULL,Customer Relations,2024-06-28 00:00:00.0000000
720,1,0,0,plarson@example.net,NULL,Sales and Marketing,2024-09-03 00:00:00.0000000
721,1,0,0,jeanne87@example.net,NULL,Finances,2024-11-30 00:00:00.0000000
722,0,0,1,andrewhenry@example.org,y&9MXDyw1,Customer Relations,2024-03-05 00:00:00.0000000
723,1,0,0,shawngraves@example.org,NULL,Sales and Marketing,2024-02-26 00:00:00.0000000
724,0,0,1,brownemily@example.org,6a39b0#NT,Sales and Marketing,2024-06-14 00:00:00.0000000
725,0,1,0,brian92@example.org,NULL,Finances,2024-11-07 00:00:00.0000000
726,1,0,0,efitzpatrick@example.net,NULL,Customer Relations,2024-05-01 00:00:00.0000000
727,1,0,0,mcintoshgregory@example.net,NULL,Sales and Marketing,2024-10-08 00:00:00.0000000
728,0,0,1,joy61@example.net,cAQsQ$KIS,Sales and Marketing,2025-01-03 00:00:00.0000000
729,1,0,0,xowens@example.org,NULL,Sales and Marketing,2024-02-03 00:00:00.0000000
730,1,0,0,michaelwilliams@example.com,NULL,Sales and Marketing,2024-07-15 00:00:00.0000000
731,0,0,1,keith39@example.org,w1gcetUl!$,Customer Relations,2024-07-01 00:00:00.0000000
732,1,0,0,crystal68@example.org,NULL,Finances,2024-04-30 00:00:00.0000000
733,0,0,1,jacquelinemills@example.org,YEwVm%kZNP,Finances,2024-12-21 00:00:00.0000000
734,0,1,0,ywood@example.net,NULL,Sales and Marketing,2024-03-11 00:00:00.0000000
735,0,1,0,patrick09@example.org,NULL,Finances,2024-05-06 00:00:00.0000000
736,0,1,0,hodgesjanet@example.com,NULL,Sales and Marketing,2024-12-08 00:00:00.0000000
737,0,1,0,carl12@example.org,NULL,Finances,2024-05-25 00:00:00.0000000
738,0,0,1,justinwilliams@example.net,zyHpr+_&Dn,Customer Relations,2024-02-22 00:00:00.0000000
739,0,1,0,xwest@example.org,NULL,Finances,2024-01-15 00:00:00.0000000
740,1,0,0,dmoran@example.com,NULL,Customer Relations,2024-12-24 00:00:00.0000000
741,0,1,0,blairfrank@example.org,NULL,Customer Relations,2024-03-11 00:00:00.0000000
742,1,0,0,devin25@example.org,NULL,Customer Relations,2025-01-01 00:00:00.0000000
743,1,0,0,sjordan@example.com,NULL,Sales and Marketing,2024-09-02 00:00:00.0000000
744,1,0,0,lortega@example.com,NULL,Sales and Marketing,2024-09-20 00:00:00.0000000
745,0,1,0,bakerkevin@example.org,NULL,Finances,2024-04-08 00:00:00.0000000
746,0,1,0,melissa13@example.org,NULL,Sales and Marketing,2024-03-15 00:00:00.0000000
747,0,1,0,jenniferfields@example.com,NULL,Finances,2024-12-22 00:00:00.0000000
748,0,0,1,kylegray@example.com,T%dB6*5tZx,Customer Relations,2024-09-30 00:00:00.0000000
749,0,0,1,vrandall@example.net,_+T%h%u0$,Customer Relations,2024-10-04 00:00:00.0000000
750,0,1,0,uturner@example.org,NULL,Finances,2024-09-07 00:00:00.0000000
751,1,0,0,peter77@example.com,NULL,Customer Relations,2024-04-18 00:00:00.0000000
752,0,1,0,robertjohnson@example.com,NULL,Customer Relations,2024-07-21 00:00:00.0000000
753,1,0,0,yarellano@example.com,NULL,Sales and Marketing,2024-12-30 00:00:00.0000000
754,0,0,1,nsanchez@example.org,oLGR-!ujYw,Finances,2024-04-24 00:00:00.0000000
755,1,0,0,hollyjones@example.org,NULL,Finances,2024-08-28 00:00:00.0000000
756,0,1,0,blake11@example.org,NULL,Finances,2024-05-08 00:00:00.0000000
757,1,0,0,edwincross@example.net,NULL,Finances,2025-01-04 00:00:00.0000000
758,0,0,1,julia26@example.com,ssQgJ2S^d1,Sales and Marketing,2024-05-29 00:00:00.0000000
759,0,1,0,amandasmith@example.com,NULL,Sales and Marketing,2024-08-24 00:00:00.0000000
760,1,0,0,josephhobbs@example.org,NULL,Customer Relations,2024-08-07 00:00:00.0000000
761,1,0,0,vtapia@example.org,NULL,Sales and Marketing,2024-10-02 00:00:00.0000000
762,1,0,0,chelsea44@example.org,NULL,Customer Relations,2024-07-16 00:00:00.0000000
763,1,0,0,kelliward@example.com,NULL,Finances,2024-11-03 00:00:00.0000000
764,0,0,1,trowe@example.com,s*ZNJI7aLx,Finances,2025-01-01 00:00:00.0000000
765,1,0,0,frankzachary@example.com,NULL,Customer Relations,2024-05-29 00:00:00.0000000
766,1,0,0,vbecker@example.net,NULL,Finances,2024-03-25 00:00:00.0000000
767,1,0,0,debra87@example.net,NULL,Customer Relations,2024-07-18 00:00:00.0000000
768,0,1,0,paulmurphy@example.net,NULL,Sales and Marketing,2024-08-28 00:00:00.0000000
769,0,0,1,garciamatthew@example.org,97R@BUUD$w,Finances,2024-10-28 00:00:00.0000000
770,1,0,0,mduran@example.net,NULL,Sales and Marketing,2024-10-18 00:00:00.0000000
771,1,0,0,melissa86@example.com,NULL,Finances,2024-09-01 00:00:00.0000000
772,1,0,0,michael51@example.com,NULL,Sales and Marketing,2024-06-21 00:00:00.0000000
773,1,0,0,lisapowell@example.org,NULL,Sales and Marketing,2024-11-27 00:00:00.0000000
774,1,0,0,sandovalkyle@example.org,NULL,Sales and Marketing,2024-01-19 00:00:00.0000000
775,0,0,1,greenjulia@example.net,7@s*1iuj$4,Customer Relations,2024-02-24 00:00:00.0000000
776,0,1,0,pking@example.org,NULL,Finances,2024-02-14 00:00:00.0000000
777,0,1,0,charleshuynh@example.com,NULL,Finances,2024-09-06 00:00:00.0000000
778,0,0,1,jamescampbell@example.com,OEilQFah$A,Sales and Marketing,2024-03-20 00:00:00.0000000
779,1,0,0,jgreen@example.org,NULL,Sales and Marketing,2024-05-31 00:00:00.0000000
780,1,0,0,ljenkins@example.net,NULL,Finances,2024-07-26 00:00:00.0000000
781,0,1,0,christopher23@example.com,NULL,Sales and Marketing,2024-08-05 00:00:00.0000000
782,0,0,1,richardmorgan@example.net,jd&rQW0lJp,Customer Relations,2024-01-10 00:00:00.0000000
783,1,0,0,kimberlysanchez@example.org,NULL,Finances,2024-06-01 00:00:00.0000000
784,1,0,0,justin07@example.org,NULL,Sales and Marketing,2024-11-07 00:00:00.0000000
785,0,0,1,williamsrobert@example.com,21EnB%uO8B,Sales and Marketing,2024-03-03 00:00:00.0000000
786,1,0,0,aknox@example.com,NULL,Finances,2024-08-21 00:00:00.0000000
787,0,1,0,burgessricardo@example.net,NULL,Customer Relations,2024-06-26 00:00:00.0000000
788,0,0,1,briangray@example.com,Do87#HzI4q,Customer Relations,2024-10-07 00:00:00.0000000
789,1,0,0,kayla11@example.org,NULL,Customer Relations,2025-01-04 00:00:00.0000000
790,0,1,0,amandapeters@example.net,NULL,Sales and Marketing,2024-02-24 00:00:00.0000000
791,0,1,0,kbaker@example.com,NULL,Customer Relations,2024-08-23 00:00:00.0000000
792,0,0,1,trevorharvey@example.com,UYKxr53pQO,Sales and Marketing,2024-10-04 00:00:00.0000000
793,0,0,1,harrisrachel@example.net,CBG0^5ye3b,Finances,2024-05-31 00:00:00.0000000
794,0,1,0,williamspencer@example.net,NULL,Customer Relations,2024-09-11 00:00:00.0000000
795,0,0,1,eatonalexis@example.net,c4TSp*dZ3q,Customer Relations,2024-04-30 00:00:00.0000000
796,0,0,1,andersoncharles@example.org,A_OsdcpAh,Customer Relations,2024-04-10 00:00:00.0000000
797,0,0,1,monica57@example.org,VPj!yVf&,Finances,2024-06-01 00:00:00.0000000
798,1,0,0,michael54@example.com,NULL,Finances,2024-11-28 00:00:00.0000000
799,0,1,0,fjackson@example.net,NULL,Sales and Marketing,2024-11-10 00:00:00.0000000
800,0,1,0,katie02@example.com,NULL,Customer Relations,2024-11-02 00:00:00.0000000
801,0,1,0,henrymichelle@example.org,NULL,Customer Relations,2024-02-28 00:00:00.0000000
802,1,0,0,austinchristina@example.com,NULL,Finances,2024-07-28 00:00:00.0000000
803,0,1,0,qjames@example.org,NULL,Sales and Marketing,2024-12-08 00:00:00.0000000
804,1,0,0,michellesilva@example.net,NULL,Customer Relations,2024-03-10 00:00:00.0000000
805,1,0,0,andrea41@example.org,NULL,Sales and Marketing,2024-03-28 00:00:00.0000000
806,0,0,1,scott10@example.net,Qc-v+Npk%2,Customer Relations,2024-12-30 00:00:00.0000000
807,1,0,0,osmith@example.com,NULL,Sales and Marketing,2024-01-21 00:00:00.0000000
808,0,0,1,kimberly93@example.com,aicz5ybmLF,Customer Relations,2024-02-23 00:00:00.0000000
809,0,0,1,kimberlyjordan@example.net,rj%ZXA%WmJ,Finances,2024-09-22 00:00:00.0000000
810,1,0,0,seanhaynes@example.com,NULL,Finances,2024-02-24 00:00:00.0000000
811,1,0,0,erinarias@example.net,NULL,Finances,2024-01-24 00:00:00.0000000
812,0,0,1,ronald08@example.org,nToz7PLf9,Customer Relations,2024-03-26 00:00:00.0000000
813,1,0,0,mortondouglas@example.org,NULL,Finances,2024-11-12 00:00:00.0000000
814,0,0,1,tgonzalez@example.net,B87VfB--Fo,Finances,2024-06-26 00:00:00.0000000
815,1,0,0,nataliejackson@example.net,NULL,Sales and Marketing,2024-12-17 00:00:00.0000000
816,1,0,0,kbishop@example.org,NULL,Finances,2024-04-24 00:00:00.0000000
817,0,1,0,dvargas@example.com,NULL,Finances,2024-01-28 00:00:00.0000000
818,0,1,0,morrisonfrank@example.net,NULL,Finances,2024-11-30 00:00:00.0000000
819,0,0,1,jenkinsmiranda@example.com,4K9h-o^F,Sales and Marketing,2024-08-29 00:00:00.0000000
820,0,1,0,mariataylor@example.org,NULL,Sales and Marketing,2024-07-16 00:00:00.0000000
821,1,0,0,heatherwilliams@example.com,NULL,Customer Relations,2024-01-21 00:00:00.0000000
822,1,0,0,ddavis@example.com,NULL,Finances,2024-05-22 00:00:00.0000000
823,0,0,1,tmiller@example.net,jl8c_2Bx,Customer Relations,2024-06-05 00:00:00.0000000
824,1,0,0,wayne91@example.org,NULL,Sales and Marketing,2024-10-11 00:00:00.0000000
825,1,0,0,boothalison@example.net,NULL,Finances,2024-05-26 00:00:00.0000000
826,0,1,0,loweryryan@example.org,NULL,Customer Relations,2024-01-10 00:00:00.0000000
827,1,0,0,floresbreanna@example.com,NULL,Finances,2024-02-14 00:00:00.0000000
828,0,0,1,xchen@example.org,cHryA+2Pl,Sales and Marketing,2024-03-16 00:00:00.0000000
829,1,0,0,timothycampbell@example.org,NULL,Sales and Marketing,2024-11-02 00:00:00.0000000
830,1,0,0,qramirez@example.org,NULL,Customer Relations,2024-07-14 00:00:00.0000000
831,0,1,0,steven32@example.net,NULL,Customer Relations,2024-10-23 00:00:00.0000000
832,0,0,1,emily39@example.net,P^5+!O@_o,Finances,2024-10-21 00:00:00.0000000
833,0,1,0,rodriguezheather@example.com,NULL,Sales and Marketing,2024-02-13 00:00:00.0000000
834,1,0,0,jrodriguez@example.org,NULL,Sales and Marketing,2024-01-22 00:00:00.0000000
835,1,0,0,santiagojeffrey@example.org,NULL,Finances,2025-01-05 00:00:00.0000000
836,0,0,1,crystal79@example.com,J452zbshy6,Finances,2024-11-03 00:00:00.0000000
837,1,0,0,sarah47@example.org,NULL,Customer Relations,2024-11-03 00:00:00.0000000
838,0,0,1,kathleenhester@example.net,koDTFxu0oj,Sales and Marketing,2024-11-11 00:00:00.0000000
839,0,0,1,mitchellnancy@example.net,V-lDEuMSV3,Finances,2024-10-22 00:00:00.0000000
840,0,0,1,walterhill@example.net,FdV8l1iKp*,Sales and Marketing,2024-04-09 00:00:00.0000000
841,0,0,1,anthony62@example.net,^GSO9i&nlz,Customer Relations,2024-03-24 00:00:00.0000000
842,0,0,1,adamssteven@example.org,Yyxima967h,Finances,2024-12-02 00:00:00.0000000
843,0,1,0,ebeard@example.com,NULL,Finances,2024-03-02 00:00:00.0000000
844,0,0,1,antoniowilliams@example.net,L0ObQ1TiDr,Customer Relations,2024-02-01 00:00:00.0000000
845,0,0,1,cervantestammy@example.com,D9nlxZJ4_D,Customer Relations,2024-03-30 00:00:00.0000000
846,1,0,0,amy81@example.com,NULL,Sales and Marketing,2024-04-03 00:00:00.0000000
847,0,1,0,mollyquinn@example.org,NULL,Finances,2024-09-03 00:00:00.0000000
848,0,0,1,scott72@example.net,LS-+U_Uq$z,Sales and Marketing,2024-01-17 00:00:00.0000000
849,0,1,0,leslie81@example.com,NULL,Finances,2024-09-21 00:00:00.0000000
850,1,0,0,andreataylor@example.org,NULL,Finances,2024-09-28 00:00:00.0000000
851,0,1,0,powerskevin@example.org,NULL,Finances,2024-10-21 00:00:00.0000000
852,0,1,0,campbellmichael@example.com,NULL,Customer Relations,2025-01-02 00:00:00.0000000
853,1,0,0,schmittjessica@example.net,NULL,Sales and Marketing,2024-07-03 00:00:00.0000000
854,1,0,0,johnsonjohn@example.org,NULL,Finances,2024-06-26 00:00:00.0000000
855,0,1,0,malonemarie@example.net,NULL,Finances,2024-11-13 00:00:00.0000000
856,0,1,0,jerry06@example.net,NULL,Sales and Marketing,2024-04-07 00:00:00.0000000
857,0,1,0,jennifergreen@example.net,NULL,Finances,2025-01-02 00:00:00.0000000
858,1,0,0,dbarnes@example.org,NULL,Sales and Marketing,2024-05-18 00:00:00.0000000
859,0,1,0,shelia48@example.net,NULL,Sales and Marketing,2024-08-13 00:00:00.0000000
860,1,0,0,smithangela@example.com,NULL,Sales and Marketing,2024-04-15 00:00:00.0000000
861,0,0,1,dmurray@example.org,rwD0xm2j6,Finances,2024-09-19 00:00:00.0000000
862,0,0,1,gina31@example.com,FtlbW@RJi,Finances,2024-07-13 00:00:00.0000000
863,1,0,0,hhull@example.com,NULL,Sales and Marketing,2024-06-23 00:00:00.0000000
864,1,0,0,samanthajohnson@example.com,NULL,Finances,2024-08-10 00:00:00.0000000
865,1,0,0,timothy65@example.net,NULL,Sales and Marketing,2024-09-11 00:00:00.0000000
866,0,1,0,ronald67@example.com,NULL,Finances,2024-12-07 00:00:00.0000000
867,0,0,1,timothy63@example.com,F1PCky2FjZ,Customer Relations,2024-11-28 00:00:00.0000000
868,0,0,1,debbie85@example.com,a8aeXYQv-,Customer Relations,2024-04-25 00:00:00.0000000
869,0,0,1,darren10@example.org,87wMEeH%JC,Customer Relations,2024-08-25 00:00:00.0000000
870,0,0,1,porterchase@example.org,s2Nc@e1MQU,Finances,2024-07-22 00:00:00.0000000
871,0,1,0,eharris@example.org,NULL,Sales and Marketing,2024-04-10 00:00:00.0000000
872,1,0,0,richardwarren@example.org,NULL,Customer Relations,2024-06-23 00:00:00.0000000
873,0,1,0,dayala@example.com,NULL,Sales and Marketing,2024-01-11 00:00:00.0000000
874,1,0,0,cynthiadiaz@example.org,NULL,Customer Relations,2024-08-16 00:00:00.0000000
875,0,1,0,rubiojohn@example.net,NULL,Finances,2024-12-13 00:00:00.0000000
876,1,0,0,michelleroberts@example.com,NULL,Finances,2024-09-29 00:00:00.0000000
877,0,0,1,gillmadison@example.net,Gt7@IhafKb,Sales and Marketing,2024-11-09 00:00:00.0000000
878,1,0,0,ltaylor@example.org,NULL,Customer Relations,2024-02-11 00:00:00.0000000
879,0,0,1,josephwilson@example.org,&iCkv4!G&v,Finances,2024-08-31 00:00:00.0000000
880,1,0,0,sylviajohnson@example.com,NULL,Customer Relations,2024-05-20 00:00:00.0000000
881,1,0,0,nataliehampton@example.org,NULL,Customer Relations,2024-09-05 00:00:00.0000000
882,1,0,0,andersonsavannah@example.com,NULL,Finances,2024-08-26 00:00:00.0000000
883,1,0,0,okelly@example.net,NULL,Customer Relations,2024-11-06 00:00:00.0000000
884,1,0,0,kayla51@example.net,NULL,Customer Relations,2024-09-02 00:00:00.0000000
885,0,1,0,gomeztracey@example.org,NULL,Customer Relations,2024-02-22 00:00:00.0000000
886,1,0,0,hernandezteresa@example.net,NULL,Finances,2024-04-23 00:00:00.0000000
887,1,0,0,lindaruiz@example.com,NULL,Sales and Marketing,2024-09-16 00:00:00.0000000
888,0,0,1,gomezdesiree@example.org,o#g%EcBA3+,Customer Relations,2024-04-15 00:00:00.0000000
889,1,0,0,louislong@example.net,NULL,Sales and Marketing,2024-03-28 00:00:00.0000000
890,0,0,1,dcruz@example.com,JXKQsi6lfM,Finances,2024-04-15 00:00:00.0000000
891,0,0,1,jhernandez@example.com,cGA9!Zg2-J,Customer Relations,2024-07-12 00:00:00.0000000
892,1,0,0,brenda24@example.com,NULL,Sales and Marketing,2024-04-29 00:00:00.0000000
893,0,0,1,qlewis@example.net,fh^WcxA@B+,Customer Relations,2024-09-24 00:00:00.0000000
894,0,1,0,maldonadostephanie@example.net,NULL,Sales and Marketing,2024-05-26 00:00:00.0000000
895,1,0,0,tcole@example.net,NULL,Customer Relations,2024-01-28 00:00:00.0000000
896,1,0,0,xweeks@example.org,NULL,Finances,2024-02-10 00:00:00.0000000
897,1,0,0,aweiss@example.org,NULL,Finances,2024-10-12 00:00:00.0000000
898,1,0,0,cassandrarogers@example.net,NULL,Customer Relations,2024-08-26 00:00:00.0000000
899,0,0,1,bryan39@example.com,85A7m2tBT*,Sales and Marketing,2024-03-07 00:00:00.0000000
900,1,0,0,foxvalerie@example.net,NULL,Sales and Marketing,2024-03-19 00:00:00.0000000
901,1,0,0,munozthomas@example.org,NULL,Finances,2024-10-20 00:00:00.0000000
902,1,0,0,jasontyler@example.com,NULL,Customer Relations,2024-02-02 00:00:00.0000000
903,1,0,0,zmoon@example.com,NULL,Sales and Marketing,2024-05-05 00:00:00.0000000
904,1,0,0,jose86@example.org,NULL,Customer Relations,2024-07-11 00:00:00.0000000
905,1,0,0,pamelahanson@example.net,NULL,Customer Relations,2024-08-22 00:00:00.0000000
906,0,0,1,michele76@example.org,MmG^10wBq9,Sales and Marketing,2024-07-15 00:00:00.0000000
907,0,0,1,wandamendoza@example.com,ajjbaausE,Finances,2024-03-27 00:00:00.0000000
908,1,0,0,whitemichelle@example.net,NULL,Customer Relations,2024-03-27 00:00:00.0000000
909,0,1,0,kelleypaul@example.net,NULL,Finances,2024-05-10 00:00:00.0000000
910,0,1,0,brandi27@example.com,NULL,Customer Relations,2024-03-12 00:00:00.0000000
911,1,0,0,mark88@example.com,NULL,Finances,2024-02-14 00:00:00.0000000
912,0,0,1,jonathan46@example.com,BVLJ1!F@6t,Finances,2024-04-04 00:00:00.0000000
913,1,0,0,xsmith@example.org,NULL,Finances,2024-07-27 00:00:00.0000000
914,1,0,0,omar05@example.org,NULL,Sales and Marketing,2024-12-05 00:00:00.0000000
915,0,0,1,rogerwilson@example.net,r-Fl!AZS&,Finances,2024-07-03 00:00:00.0000000
916,0,1,0,zcantu@example.net,NULL,Customer Relations,2024-04-07 00:00:00.0000000
917,0,1,0,jenna34@example.net,NULL,Sales and Marketing,2024-10-27 00:00:00.0000000
918,1,0,0,tiffany90@example.com,NULL,Customer Relations,2024-03-16 00:00:00.0000000
919,0,0,1,ewhitehead@example.com,Yg+EaxZHiG,Sales and Marketing,2024-05-14 00:00:00.0000000
920,0,0,1,davistiffany@example.net,*FgAbccaa,Customer Relations,2025-01-07 00:00:00.0000000
921,1,0,0,antoniowilliams@example.org,NULL,Sales and Marketing,2024-04-29 00:00:00.0000000
922,1,0,0,ryan02@example.net,NULL,Customer Relations,2024-06-10 00:00:00.0000000
923,0,1,0,otate@example.org,NULL,Finances,2024-09-03 00:00:00.0000000
924,1,0,0,robertskeith@example.com,NULL,Sales and Marketing,2024-04-25 00:00:00.0000000
925,0,0,1,lharris@example.org,KzeC5aH^p,Customer Relations,2024-10-24 00:00:00.0000000
926,1,0,0,kimjohn@example.com,NULL,Finances,2024-08-17 00:00:00.0000000
927,1,0,0,sheilamartinez@example.org,NULL,Finances,2024-10-22 00:00:00.0000000
928,1,0,0,johnburke@example.com,NULL,Sales and Marketing,2024-12-18 00:00:00.0000000
929,0,0,1,warrenmichael@example.org,RRpWW6PE#U,Customer Relations,2024-07-09 00:00:00.0000000
930,1,0,0,deannarichardson@example.net,NULL,Sales and Marketing,2024-11-14 00:00:00.0000000
931,1,0,0,ethanbrown@example.org,NULL,Finances,2024-08-19 00:00:00.0000000
932,0,1,0,bryan18@example.org,NULL,Customer Relations,2024-09-11 00:00:00.0000000
933,1,0,0,jessica14@example.net,NULL,Customer Relations,2024-07-23 00:00:00.0000000
934,1,0,0,clarkalbert@example.com,NULL,Sales and Marketing,2024-07-23 00:00:00.0000000
935,1,0,0,michaellyons@example.com,NULL,Sales and Marketing,2024-05-06 00:00:00.0000000
936,0,1,0,ortizamy@example.com,NULL,Sales and Marketing,2024-08-22 00:00:00.0000000
937,0,1,0,cooleycourtney@example.com,NULL,Customer Relations,2024-11-26 00:00:00.0000000
938,1,0,0,sarah15@example.com,NULL,Sales and Marketing,2024-02-19 00:00:00.0000000
939,0,0,1,jerry71@example.com,R8w2+ZQ$i,Sales and Marketing,2024-02-25 00:00:00.0000000
940,1,0,0,donnasampson@example.org,NULL,Finances,2024-04-07 00:00:00.0000000
941,0,0,1,ecastro@example.com,J*Kg$NEqB,Customer Relations,2024-05-14 00:00:00.0000000
942,0,1,0,williamgonzalez@example.net,NULL,Customer Relations,2024-11-26 00:00:00.0000000
943,0,0,1,hansenjacob@example.org,Ie_tQRFUZr,Sales and Marketing,2024-03-04 00:00:00.0000000
944,1,0,0,angela37@example.org,NULL,Sales and Marketing,2024-02-04 00:00:00.0000000
945,1,0,0,danielwilson@example.org,NULL,Finances,2024-04-05 00:00:00.0000000
946,1,0,0,charles17@example.net,NULL,Customer Relations,2024-01-19 00:00:00.0000000
947,1,0,0,nicholasstephens@example.com,NULL,Finances,2024-12-09 00:00:00.0000000
948,0,0,1,amymorrow@example.com,GLZ%EiJ6Q,Customer Relations,2024-12-04 00:00:00.0000000
949,1,0,0,davidhunt@example.org,NULL,Finances,2024-12-09 00:00:00.0000000
950,1,0,0,sarah73@example.org,NULL,Sales and Marketing,2024-11-08 00:00:00.0000000
951,1,0,0,greg81@example.org,NULL,Finances,2024-12-19 00:00:00.0000000
952,0,1,0,mark91@example.net,NULL,Sales and Marketing,2024-10-12 00:00:00.0000000
953,0,1,0,michaelsullivan@example.com,NULL,Customer Relations,2024-04-25 00:00:00.0000000
954,1,0,0,odonnelleugene@example.net,NULL,Sales and Marketing,2024-08-15 00:00:00.0000000
955,1,0,0,colliersergio@example.com,NULL,Sales and Marketing,2024-09-16 00:00:00.0000000
956,1,0,0,mitchell34@example.net,NULL,Customer Relations,2024-06-04 00:00:00.0000000
957,0,1,0,jessica69@example.net,NULL,Sales and Marketing,2024-09-27 00:00:00.0000000
958,0,0,1,wgreen@example.net,$^itmS-lI,Finances,2024-05-05 00:00:00.0000000
959,1,0,0,brianbowman@example.net,NULL,Finances,2024-04-28 00:00:00.0000000
960,1,0,0,wallsbrandy@example.org,NULL,Sales and Marketing,2024-11-24 00:00:00.0000000
961,0,0,1,aaron12@example.com,RqYmeBN*1,Finances,2024-04-10 00:00:00.0000000
962,0,1,0,reynoldscody@example.com,NULL,Customer Relations,2024-10-26 00:00:00.0000000
963,1,0,0,cynthia29@example.com,NULL,Finances,2024-01-26 00:00:00.0000000
964,0,1,0,katrinawilson@example.net,NULL,Customer Relations,2024-04-01 00:00:00.0000000
965,0,1,0,brewerlauren@example.org,NULL,Customer Relations,2024-01-30 00:00:00.0000000
966,1,0,0,garcialisa@example.com,NULL,Customer Relations,2024-10-04 00:00:00.0000000
967,1,0,0,tammywilliams@example.com,NULL,Sales and Marketing,2024-06-04 00:00:00.0000000
968,1,0,0,josemunoz@example.net,NULL,Sales and Marketing,2024-04-01 00:00:00.0000000
969,0,1,0,vasquezdavid@example.net,NULL,Finances,2024-12-11 00:00:00.0000000
970,0,1,0,andrew20@example.net,NULL,Customer Relations,2024-11-22 00:00:00.0000000
971,0,1,0,nnovak@example.org,NULL,Sales and Marketing,2024-02-04 00:00:00.0000000
972,0,0,1,sarahgonzalez@example.org,sDD2*jAlA,Sales and Marketing,2024-07-15 00:00:00.0000000
973,0,1,0,joankane@example.org,NULL,Finances,2024-01-30 00:00:00.0000000
974,1,0,0,mbrown@example.net,NULL,Customer Relations,2024-09-18 00:00:00.0000000
975,0,0,1,michaelhaas@example.org,rfgh37Uhnq,Finances,2025-01-02 00:00:00.0000000
976,0,1,0,anthony18@example.com,NULL,Finances,2024-12-08 00:00:00.0000000
977,0,0,1,betty97@example.org,kXx7$N$XW0,Sales and Marketing,2024-03-02 00:00:00.0000000
978,0,0,1,rmatthews@example.com,8cI58+&6hq,Finances,2024-09-07 00:00:00.0000000
979,0,1,0,gibsonlinda@example.org,NULL,Sales and Marketing,2024-07-11 00:00:00.0000000
980,1,0,0,christinelewis@example.net,NULL,Finances,2024-09-14 00:00:00.0000000
981,0,0,1,xjohnson@example.org,^XIwJe%x6,Customer Relations,2024-08-04 00:00:00.0000000
982,1,0,0,john83@example.org,NULL,Sales and Marketing,2024-12-22 00:00:00.0000000
983,0,0,1,christina08@example.com,ZS!hg3jOW,Sales and Marketing,2024-03-20 00:00:00.0000000
984,0,0,1,vwilson@example.net,$JA-0&*F%J,Customer Relations,2024-01-20 00:00:00.0000000
985,0,0,1,johnsanna@example.com,KI#FvxN9,Finances,2024-06-12 00:00:00.0000000
986,0,0,1,barbaralewis@example.net,VTt2R0cOEc,Sales and Marketing,2024-09-18 00:00:00.0000000
987,0,0,1,wrightrandy@example.com,yQhdjqUCF,Customer Relations,2024-06-25 00:00:00.0000000
988,1,0,0,foxjack@example.net,NULL,Customer Relations,2024-02-24 00:00:00.0000000
989,1,0,0,yrodriguez@example.org,NULL,Customer Relations,2024-11-07 00:00:00.0000000
990,1,0,0,xlowe@example.com,NULL,Customer Relations,2024-11-11 00:00:00.0000000
991,0,0,1,mckaymichael@example.org,R!XDe$6i3p,Finances,2024-07-03 00:00:00.0000000
992,0,0,1,wperez@example.com,$EfS70#VWS,Customer Relations,2024-07-13 00:00:00.0000000
993,1,0,0,garrettduncan@example.org,NULL,Customer Relations,2024-07-05 00:00:00.0000000
994,0,1,0,michellejimenez@example.org,NULL,Customer Relations,2024-06-10 00:00:00.0000000
995,0,1,0,helenjones@example.com,NULL,Finances,2024-03-06 00:00:00.0000000
996,0,0,1,donna37@example.net,+778vj2OI7,Finances,2024-09-05 00:00:00.0000000
997,1,0,0,coopermisty@example.com,NULL,Sales and Marketing,2024-12-14 00:00:00.0000000
998,1,0,0,sarahkramer@example.org,NULL,Sales and Marketing,2024-01-29 00:00:00.0000000
999,1,0,0,maureenwolf@example.net,NULL,Finances,2024-11-03 00:00:00.0000000
1000,1,0,0,christiananderson@example.com,NULL,Customer Relations,2024-02-07 00:00:00.0000000
